"✔Click to move selected players to the top","Player","forInfoClick  for player info popup","Team","PosPosition","CostPlayer's current price","MeritHow good the player is in terms of likelihood to score FPL points","FormOver/under-performance over the last 4 gameweeks compared to predicted points","Prob. ofAppear-ingProbability that the player will play at all in the next match","PtsRest OfSeasonPredicted FPL points for the rest of the season","ValueRest OfSeasonPlayer's value for the rest of the season (predicted points per million pounds excess cost)","PointsSo Far","OfficialChancePlayer's official chance of playing the next match","OfficialAvailability","SelectedBy %Percentage of managers owning this player","TransfersIn GWNumber of transfers in since the last transfer deadline","TransfersOut GWNumber of transfers out since the last transfer deadline","News"
"","Haaland","","MCI","FWD","14.7","5.59","1","0.81","0","0","239","100","Available","62.5","0","0",""
"","B.Fernandes","","MUN","MID","10.4","6.46","1","0.96","0","0","235","100","Available","48.0","0","0",""
"","Gabriel","","ARS","DEF","7.3","4.99","1","0.96","0","0","209","100","Available","45.4","0","0",""
"","Semenyo","","MCI","MID","8","4.12","1","0.96","0","0","202","100","Available","46.2","0","0",""
"","Gibbs-White","","NFO","MID","7.6","4.42","1","0.93","0","0","188","100","Available","9.2","0","0",""
"","Bowen","","WHU","FWD","7.8","4.04","1","0.96","0","0","187","100","Available","17.5","0","0",""
"","Rice","","ARS","MID","7.2","4.66","1","0.96","0","0","184","100","Available","23.3","0","0",""
"","Thiago","","BRE","FWD","7.2","4.51","1","0.96","0","0","181","100","Available","30.2","0","0",""
"","Anderson","","NFO","MID","5.7","4.67","1","0.96","0","0","180","100","Available","9.4","0","0",""
"","Guéhi","","MCI","DEF","5.1","4.17","1","0.95","0","0","179","100","Available","32.6","0","0",""
"","João Pedro","","CHE","FWD","7.4","4.08","1","0.4","0","0","177","100","Available","34.8","0","0",""
"","Virgil","","LIV","DEF","6.1","4.41","1","0.96","0","0","175","100","Available","31.5","0","0",""
"","Senesi","","BOU","DEF","5.2","4.42","1","0.96","0","0","175","100","Available","22.0","0","0",""
"","Tarkowski","","EVE","DEF","5.8","3.62","1","0.93","0","0","170","100","Available","12.6","0","0",""
"","Rogers","","AVL","MID","7.3","3.99","1","0.96","0","0","169","100","Available","20.2","0","0",""
"","Wilson","","FUL","MID","5.8","3.33","1","0.95","0","0","168","100","Available","17.4","0","0",""
"","Watkins","","AVL","FWD","8.7","4.83","1","0.96","0","0","167","100","Available","13.0","0","0",""
"","Casemiro","","MUN","MID","5.8","3.99","1","0","0","0","165","100","Available","3.8","0","0",""
"","Truffert","","BOU","DEF","4.8","3.91","1","0.93","0","0","165","100","Available","5.3","0","0",""
"","Raya","","ARS","GK","6.2","3.84","1","0.92","0","0","162","100","Available","36.4","0","0",""
"","Szoboszlai","","LIV","MID","7.1","4.86","1","0.95","0","0","160","100","Available","15.1","0","0",""
"","O'Reilly","","MCI","DEF","5.3","4.46","1","0.83","0","0","160","100","Available","19.2","0","0",""
"","Garner","","EVE","MID","5.2","3.88","1","0.96","0","0","159","100","Available","3.6","0","0",""
"","Saka","","ARS","MID","10","4.39","1","0.93","0","0","157","100","Available","11.6","0","0",""
"","Enzo","","CHE","MID","6.5","4.34","1","0.91","0","0","157","100","Available","12.3","0","0",""
"","Bruno G.","","NEW","MID","6.9","4.21","1","0.91","0","0","154","100","Available","6.5","0","0",""
"","Lacroix","","CRY","DEF","5.2","4.1","1","0.93","0","0","154","100","Available","7.1","0","0",""
"","Matheus N.","","MCI","DEF","5.3","3.35","1","0.95","0","0","154","100","Available","2.9","0","0",""
"","Mukiele","","SUN","DEF","4.6","3.69","1","0.93","0","0","151","100","Available","8.7","0","0",""
"","Dewsbury-Hall","","EVE","MID","5.3","4.4","1","0.95","0","0","151","100","Available","7.9","0","0",""
"","J.Timber","","ARS","DEF","6","4.22","1","0.1","0","0","149","25","Doubtful","15.2","0","0","Lack of match fitness - 25% chance of playing"
"","Mbeumo","","MUN","MID","8.3","4.55","1","0.96","0","0","148","100","Available","15.0","0","0",""
"","Van Hecke","","BHA","DEF","4.7","3.99","1","0.95","0","0","148","100","Available","10.7","0","0",""
"","E.Le Fée","","SUN","MID","4.8","4.64","1","0.93","0","0","147","100","Available","1.6","0","0",""
"","Gravenberch","","LIV","MID","5.4","3.04","1","0.96","0","0","144","100","Available","3.7","0","0",""
"","Kelleher","","BRE","GK","4.8","3.58","1","0.92","0","0","143","100","Available","12.0","0","0",""
"","Cunha","","MUN","MID","8.1","3.82","1","0.88","0","0","143","100","Available","8.7","0","0",""
"","Calvert-Lewin","","LEE","FWD","5.8","3.58","1","0.95","0","0","142","100","Available","13.7","0","0",""
"","Tavernier","","BOU","MID","5.3","4.73","1","0.95","0","0","137","100","Available","4.2","0","0",""
"","Saliba","","ARS","DEF","6.3","4.12","1","0.91","0","0","137","100","Available","17.1","0","0",""
"","Stach","","LEE","MID","4.8","4.15","1","0.01","0","0","137","0","Injured","1.7","0","0","Ankle injury - Expected back 01 Jun"
"","Chalobah","","CHE","DEF","5.4","3.04","1","0.81","0","0","136","100","Available","8.8","0","0",""
"","Muñoz","","CRY","DEF","5.9","3.8","1","0.95","0","0","136","100","Available","9.2","0","0",""
"","Roefs","","SUN","GK","4.8","3.36","1","0.92","0","0","136","100","Available","8.0","0","0",""
"","Scott","","BOU","MID","4.9","4.13","1","0.96","0","0","136","100","Available","2.1","0","0",""
"","O.Dango","","BRE","MID","5.6","3.99","1","0.96","0","0","136","100","Available","1.6","0","0",""
"","Pickford","","EVE","GK","5.6","3.05","1","0.92","0","0","135","100","Available","13.0","0","0",""
"","Donnarumma","","MCI","GK","5.6","3.4","1","0.92","0","0","135","100","Available","9.3","0","0",""
"","Mitchell","","CRY","DEF","5","2.96","1","0.96","0","0","135","100","Available","2.3","0","0",""
"","Cherki","","MCI","MID","6.5","3.82","1","0.93","0","0","135","100","Available","17.4","0","0",""
"","M.Fernandes","","WHU","MID","5.5","3.88","1","0.96","0","0","135","100","Available","0.6","0","0",""
"","Ampadu","","LEE","MID","4.9","3.62","1","0.96","0","0","134","100","Available","0.6","0","0",""
"","Zubimendi","","ARS","MID","4.9","3.09","1","0.93","0","0","133","100","Available","2.7","0","0",""
"","Keane","","EVE","DEF","4.5","3.03","1","0.9","0","0","131","100","Available","3.1","0","0",""
"","Henderson","","CRY","GK","5.1","3.24","1","0.92","0","0","131","100","Available","9.0","0","0",""
"","Foden","","MCI","MID","8","3.15","1","0.87","0","0","131","100","Available","7.8","0","0",""
"","Gakpo","","LIV","MID","7.3","3.75","1","0.96","0","0","131","100","Available","5.6","0","0",""
"","Verbruggen","","BHA","GK","4.6","3.47","1","0.92","0","0","130","100","Available","9.3","0","0",""
"","Konaté","","LIV","DEF","5.4","3.65","1","0.93","0","0","129","100","Available","3.8","0","0",""
"","Collins","","BRE","DEF","4.9","3.25","1","0.92","0","0","129","100","Available","2.4","0","0",""
"","N.Williams","","NFO","DEF","4.8","3.5","1","0.96","0","0","128","100","Available","4.2","0","0",""
"","Gyökeres","","ARS","FWD","9.1","3.31","1","0.93","0","0","128","100","Available","16.4","0","0",""
"","Richards","","CRY","DEF","4.4","3.35","1","0.01","0","0","128","0","Injured","2.2","0","0","Ankle injury - Expected back 01 Jun"
"","Ndiaye","","EVE","MID","6.3","3.98","1","0.95","0","0","128","100","Available","4.7","0","0",""
"","Anthony","","BUR","MID","5","3.42","1","0.96","0","0","127","100","Available","2.4","0","0",""
"","Welbeck","","BHA","FWD","6.3","3.36","1","0.96","0","0","126","100","Available","8.4","0","0",""
"","J.Palhinha","","TOT","MID","5.5","3.01","1","0.89","0","0","126","100","Available","0.9","0","0",""
"","Aaronson","","LEE","MID","5.4","2.82","1","0.65","0","0","126","100","Available","0.8","0","0",""
"","Thiaw","","NEW","DEF","4.9","3.88","1","0.93","0","0","126","100","Available","4.7","0","0",""
"","Alderete","","SUN","DEF","4.1","3.06","1","0.29","0","0","125","50","Doubtful","4.9","0","0","Knock - 50% chance of playing"
"","Neto","","CHE","MID","7","3.23","1","0.79","0","0","125","100","Available","3.9","0","0",""
"","Wirtz","","LIV","MID","8.3","3.71","1","0.8","0","0","125","100","Available","8.5","0","0",""
"","Ekitiké","","LIV","FWD","9","3.49","1","0","0","0","125","0","Injured","15.7","0","0","Achilles injury - Expected back 01 Jul"
"","Schade","","BRE","MID","6.8","3.7","1","0.94","0","0","125","100","Available","1.3","0","0",""
"","Xhaka","","SUN","MID","5.1","3.15","1","0.95","0","0","124","100","Available","3.2","0","0",""
"","Petrović","","BOU","GK","4.6","3.07","1","0.92","0","0","124","100","Available","5.2","0","0",""
"","M.Salah","","LIV","MID","14","4.32","1","0.9","0","0","123","100","Available","15.2","0","0",""
"","Andersen","","FUL","DEF","4.4","2.82","1","0","0","0","123","0","Suspended","2.8","0","0","Suspended until 29 Aug"
"","Leno","","FUL","GK","5","3.35","1","0.92","0","0","122","100","Available","2.3","0","0",""
"","Mavropanos","","WHU","DEF","4.5","3.79","1","0.96","0","0","122","100","Available","2.6","0","0",""
"","Martinez","","AVL","GK","5","3.48","1","0.92","0","0","120","100","Available","4.4","0","0",""
"","Doku","","MCI","MID","6.5","3.37","1","0.94","0","0","120","100","Available","6.6","0","0",""
"","Trossard","","ARS","MID","6.6","3.08","1","0.87","0","0","119","100","Available","1.8","0","0",""
"","Richarlison","","TOT","FWD","6.5","3.91","1","0.89","0","0","119","100","Available","8.7","0","0",""
"","Milenković","","NFO","DEF","5.1","3.05","1","0.96","0","0","119","100","Available","3.3","0","0",""
"","F.Kadıoğlu","","BHA","DEF","4.5","3.8","1","0.96","0","0","118","100","Available","1.4","0","0",""
"","Cash","","AVL","DEF","4.6","2.81","1","0.94","0","0","117","100","Available","7.4","0","0",""
"","Sarr","","CRY","MID","6.4","3.68","1","0.95","0","0","117","100","Available","5.6","0","0",""
"","Pedro Porro","","TOT","DEF","5.2","3.69","1","0.95","0","0","117","100","Available","11.7","0","0",""
"","Minteh","","BHA","MID","5.5","3","1","0.92","0","0","117","100","Available","2.5","0","0",""
"","Ballard","","SUN","DEF","4.6","2.93","1","0","0","0","116","100","Available","2.4","0","0",""
"","Van de Ven","","TOT","DEF","4.4","2.99","1","0.93","0","0","116","100","Available","17.6","0","0",""
"","O'Brien","","EVE","DEF","4.9","2.47","1","0.94","0","0","116","100","Available","0.7","0","0",""
"","James","","CHE","DEF","5.6","2.94","1","0.62","0","0","115","100","Available","6.0","0","0",""
"","Lewis-Potter","","BRE","DEF","4.8","2.97","1","0.96","0","0","115","100","Available","1.5","0","0",""
"","Evanilson","","BOU","FWD","6.6","3.53","1","0.96","0","0","115","100","Available","2.4","0","0",""
"","Mateta","","CRY","FWD","7.6","2.97","1","0.93","0","0","114","100","Available","8.1","0","0",""
"","Palmer","","CHE","MID","10.3","4.26","1","0.88","0","0","114","100","Available","12.6","0","0",""
"","Igor Jesus","","NFO","FWD","5.9","2.64","1","0.93","0","0","114","100","Available","2.4","0","0",""
"","Shaw","","MUN","DEF","4.5","2.95","1","0.96","0","0","113","100","Available","1.1","0","0",""
"","Rúben","","MCI","DEF","5.5","2.95","1","0.24","0","0","113","100","Available","3.1","0","0",""
"","Sánchez","","CHE","GK","4.8","3.19","1","0.92","0","0","113","100","Available","10.3","0","0",""
"","Eze","","ARS","MID","7.3","3.14","1","0.95","0","0","113","100","Available","8.7","0","0",""
"","Damsgaard","","BRE","MID","5.6","3.36","1","0.95","0","0","113","100","Available","0.8","0","0",""
"","Van den Berg","","BRE","DEF","4.4","3.47","1","0.82","0","0","113","100","Available","1.0","0","0",""
"","Kroupi.Jr","","BOU","FWD","4.7","3.31","1","0.92","0","0","113","100","Available","7.6","0","0",""
"","Kayode","","BRE","DEF","4.6","2.84","1","0.94","0","0","113","100","Available","1.0","0","0",""
"","Raúl","","FUL","FWD","5.9","2.78","1","0.83","0","0","112","100","Available","1.8","0","0",""
"","Wharton","","CRY","MID","5","3.42","1","0.94","0","0","112","100","Available","0.7","0","0",""
"","Dalot","","MUN","DEF","4.5","3.23","1","0.83","0","0","111","100","Available","3.8","0","0",""
"","Šeško","","MUN","FWD","7.2","3.06","1","0.29","0","0","111","50","Doubtful","4.6","0","0","Shin injury - 50% chance of playing"
"","Summerville","","WHU","MID","5.4","3.54","1","0.94","0","0","110","100","Available","1.6","0","0",""
"","Hill","","BOU","DEF","4.2","2.94","1","0.95","0","0","110","100","Available","7.4","0","0",""
"","Caicedo","","CHE","MID","5.7","3.21","1","0.95","0","0","110","100","Available","7.1","0","0",""
"","Hume","","SUN","DEF","4.5","2.72","1","0.96","0","0","110","100","Available","0.3","0","0",""
"","Rodon","","LEE","DEF","3.9","2.86","1","0.95","0","0","109","100","Available","3.0","0","0",""
"","Okafor","","LEE","MID","5.5","3.05","1","0.01","0","0","109","0","Injured","0.9","0","0","Calf injury - Expected back 01 Jun"
"","Lammens","","MUN","GK","5.1","3.39","1","0.92","0","0","109","100","Available","3.6","0","0",""
"","Calafiori","","ARS","DEF","5.6","3.53","1","0.83","0","0","109","100","Available","6.0","0","0",""
"","Struijk","","LEE","DEF","4.2","3.56","1","0.65","0","0","108","100","Available","1.9","0","0",""
"","Mac Allister","","LIV","MID","6.1","3.04","1","0.96","0","0","108","100","Available","1.8","0","0",""
"","Woltemade","","NEW","FWD","6.7","2.44","1","0.83","0","0","108","100","Available","6.5","0","0",""
"","J.Gomes","","WOL","MID","5.3","3.25","1","0.94","0","0","107","100","Available","0.3","0","0",""
"","Barnes","","NEW","MID","6.1","2.74","1","0.96","0","0","106","100","Available","1.3","0","0",""
"","Sels","","NFO","GK","4.6","3.17","1","0.92","0","0","105","100","Available","5.0","0","0",""
"","Cucurella","","CHE","DEF","6.1","3.02","1","0.95","0","0","104","100","Available","14.6","0","0",""
"","Beto","","EVE","FWD","5.1","2.81","1","0.94","0","0","104","100","Available","3.3","0","0",""
"","Yarmoliuk","","BRE","MID","5","2.74","1","0.96","0","0","104","100","Available","0.1","0","0",""
"","Diouf","","WHU","DEF","4.1","3.22","1","0.92","0","0","104","100","Available","2.4","0","0",""
"","McGinn","","AVL","MID","5.3","2.84","1","0.84","0","0","103","100","Available","0.7","0","0",""
"","Iwobi","","FUL","MID","6.1","3.37","1","0.89","0","0","103","100","Available","1.1","0","0",""
"","Souček","","WHU","MID","5.7","3.34","1","0.96","0","0","103","100","Available","0.5","0","0",""
"","Bassey","","FUL","DEF","4.4","3.33","1","0.94","0","0","103","100","Available","0.8","0","0",""
"","Bernardo","","MCI","MID","6.2","3.25","1","0.96","0","0","102","100","Available","0.7","0","0",""
"","Buendía","","AVL","MID","5.3","2.72","1","0.96","0","0","102","100","Available","0.4","0","0",""
"","Gordon","","NEW","MID","7.2","3.94","1","0.4","0","0","101","100","Available","3.1","0","0",""
"","Dunk","","BHA","DEF","4.5","3.25","1","0.77","0","0","100","100","Available","1.0","0","0",""
"","Konsa","","AVL","DEF","4.4","2.96","1","0.81","0","0","100","100","Available","7.0","0","0",""
"","Flemming","","BUR","FWD","5.3","2.95","1","0.93","0","0","99","100","Available","0.8","0","0",""
"","Bijol","","LEE","DEF","3.9","3.25","1","0.95","0","0","99","100","Available","1.3","0","0",""
"","Jensen","","BRE","MID","4.9","3.46","1","0.96","0","0","98","100","Available","0.1","0","0",""
"","Ayari","","BHA","MID","4.8","2.43","1","0.84","0","0","98","100","Available","0.4","0","0",""
"","Digne","","AVL","DEF","4.5","2.69","1","0.79","0","0","97","100","Available","1.5","0","0",""
"","Ugochukwu","","BUR","MID","5","2.5","1","0.77","0","0","97","100","Available","0.1","0","0",""
"","Gomez","","BHA","MID","4.9","2.95","1","0.89","0","0","97","100","Available","0.4","0","0",""
"","Dúbravka","","BUR","GK","4","2.7","1","0.25","0","0","96","100","Available","25.7","0","0",""
"","Pope","","NEW","GK","5","3.63","1","0.9","0","0","96","100","Available","4.5","0","0",""
"","Bogle","","LEE","DEF","4.4","3.42","1","0.51","0","0","96","100","Available","0.4","0","0",""
"","Gusto","","CHE","DEF","4.8","2.64","1","0.51","0","0","96","100","Available","1.7","0","0",""
"","André","","WOL","MID","5.2","2.84","1","0.95","0","0","96","100","Available","0.1","0","0",""
"","Sessegnon","","FUL","MID","5.4","2.74","1","0.65","0","0","95","100","Available","0.1","0","0",""
"","Mykolenko","","EVE","DEF","4.9","2.84","1","0.94","0","0","95","100","Available","0.7","0","0",""
"","Barry","","EVE","FWD","5.7","2.6","1","0.93","0","0","95","100","Available","0.8","0","0",""
"","Dorgu","","MUN","DEF","4.1","3.45","1","0.88","0","0","95","100","Available","2.4","0","0",""
"","Justin","","LEE","DEF","4","3.23","1","0.95","0","0","94","100","Available","2.3","0","0",""
"","Wieffer","","BHA","MID","4.8","2.84","1","0.89","0","0","94","100","Available","0.3","0","0",""
"","Burn","","NEW","DEF","5","2.95","1","0.91","0","0","93","100","Available","3.6","0","0",""
"","S.Bueno","","WOL","DEF","4.4","3.31","1","0.95","0","0","92","100","Available","0.2","0","0",""
"","Reijnders","","MCI","MID","5","2.59","1","0.26","0","0","92","100","Available","8.9","0","0",""
"","Brobbey","","SUN","FWD","5.3","2.88","1","0.95","0","0","92","100","Available","0.9","0","0",""
"","A.Becker","","LIV","GK","5.4","3.5","1","0.65","0","0","91","100","Available","5.1","0","0",""
"","Berge","","FUL","MID","4.9","2.93","1","0.62","0","0","91","100","Available","0.1","0","0",""
"","Romero","","TOT","DEF","5","2.75","1","0.01","0","0","91","0","Injured","2.9","0","0","Knee injury - Expected back 01 Jun"
"","Amad","","MUN","MID","6.2","3.64","1","0.96","0","0","91","100","Available","1.3","0","0",""
"","Hinshelwood","","BHA","MID","5.2","3.58","1","0.94","0","0","91","100","Available","1.6","0","0",""
"","Maguire","","MUN","DEF","4.4","3.32","1","0.84","0","0","90","100","Available","1.7","0","0",""
"","Vicario","","TOT","GK","4.7","2.91","1","0.5","0","0","90","100","Available","4.7","0","0",""
"","Sangaré","","NFO","MID","4.9","2.54","1","0.91","0","0","89","100","Available","0.1","0","0",""
"","Botman","","NEW","DEF","4.9","3.99","1","0.93","0","0","89","100","Available","0.5","0","0",""
"","Hudson-Odoi","","NFO","MID","5.7","2.67","1","0.01","0","0","88","0","Injured","0.6","0","0","Muscle injury - Expected back 01 Jun"
"","Hincapie","","ARS","DEF","5.1","3.66","1","0.68","0","0","87","100","Available","0.9","0","0",""
"","Georginio","","BHA","MID","5.6","2.26","1","0.88","0","0","87","100","Available","0.3","0","0",""
"","Bentancur","","TOT","MID","5.2","2.9","1","0.91","0","0","86","100","Available","0.2","0","0",""
"","Estève","","BUR","DEF","3.8","2.78","1","0.96","0","0","85","100","Available","7.0","0","0",""
"","Kerkez","","LIV","DEF","5.6","2.74","1","0.87","0","0","85","100","Available","2.9","0","0",""
"","Florentino","","BUR","MID","5","2.34","1","0.87","0","0","84","100","Available","0.0","0","0",""
"","De Cuyper","","BHA","DEF","4.3","2.6","1","0.82","0","0","84","100","Available","1.7","0","0",""
"","Gana","","EVE","MID","5.4","3.13","1","0.23","0","0","83","50","Doubtful","0.1","0","0","Lack of match fitness - 50% chance of playing"
"","H.Bueno","","WOL","DEF","4.3","2.59","1","0.96","0","0","83","100","Available","0.2","0","0",""
"","Talbi","","SUN","MID","4.9","2.25","1","0.01","0","0","83","0","Injured","0.2","0","0","Muscle injury - Expected back 01 Jun"
"","Murillo","","NFO","DEF","5.2","2.46","1","0.01","0","0","83","0","Injured","1.8","0","0","Muscle injury - Expected back 01 Jun"
"","J.Murphy","","NEW","MID","5.9","2.23","1","0.95","0","0","82","100","Available","0.6","0","0",""
"","Hutchinson","","NFO","MID","5.4","2.48","1","0.93","0","0","82","100","Available","0.1","0","0",""
"","Tete","","FUL","DEF","4.5","3.3","1","0.31","0","0","81","100","Available","0.2","0","0",""
"","C.Jones","","LIV","MID","5.4","3.06","1","0.94","0","0","81","100","Available","0.1","0","0",""
"","Tonali","","NEW","MID","5.3","2.8","1","0.62","0","0","81","75","Doubtful","1.0","0","0","Hamstring injury - 75% chance of playing"
"","Wilson","","WHU","FWD","5.8","2.03","1","0.9","0","0","80","100","Available","0.6","0","0",""
"","Smith Rowe","","FUL","MID","5.6","2.64","1","0.93","0","0","80","100","Available","0.5","0","0",""
"","Xavi","","TOT","MID","6.3","2.77","1","0","0","0","80","0","Injured","1.1","0","0","Knee injury - Expected back 01 Jan"
"","Sadiki","","SUN","MID","4.9","2.58","1","0.96","0","0","80","100","Available","0.1","0","0",""
"","Grealish","","EVE","MID","6.3","2.86","1","0.01","0","0","79","0","Injured","5.6","0","0","Foot injury - Expected back 01 Jun"
"","Gvardiol","","MCI","DEF","5.8","3.31","1","0.47","0","0","79","100","Available","3.2","0","0",""
"","Hall","","NEW","DEF","5.3","2.87","1","0.88","0","0","79","100","Available","3.3","0","0",""
"","Groß","","BHA","MID","5.6","4.28","1","0.96","0","0","78","100","Available","3.0","0","0",""
"","Spence","","TOT","DEF","4.1","2.34","1","0.87","0","0","78","100","Available","0.9","0","0",""
"","Tel","","TOT","MID","6.2","2.66","1","0.95","0","0","78","100","Available","0.5","0","0",""
"","Adams","","BOU","MID","4.9","2.29","1","0.91","0","0","77","100","Available","0.3","0","0",""
"","Yeremy","","CRY","MID","5.8","2.82","1","0.82","0","0","77","100","Available","0.2","0","0",""
"","Henderson","","BRE","MID","5","1.72","1","0.86","0","0","76","100","Available","0.3","0","0",""
"","Ajer","","BRE","DEF","4.4","2.34","1","0.69","0","0","76","100","Available","0.2","0","0",""
"","Onana","","AVL","MID","4.8","2.82","1","0.76","0","0","76","100","Available","0.6","0","0",""
"","Hermansen","","WHU","GK","4.2","3.14","1","0.92","0","0","76","100","Available","1.0","0","0",""
"","Osula","","NEW","FWD","5.5","2.88","1","0.92","0","0","76","100","Available","2.1","0","0",""
"","Strand Larsen","","CRY","FWD","5.8","2.28","1","0.96","0","0","75","100","Available","1.4","0","0",""
"","Kudus","","TOT","MID","6.4","3.19","1","0.01","0","0","75","0","Injured","9.1","0","0","Thigh injury - Expected back 01 Jun"
"","Ødegaard","","ARS","MID","7.8","2.97","1","0.89","0","0","74","100","Available","1.7","0","0",""
"","Janelt","","BRE","MID","4.9","2.54","1","0.87","0","0","74","100","Available","0.1","0","0",""
"","Reinildo","","SUN","DEF","3.8","2.74","1","0.94","0","0","74","100","Available","3.0","0","0",""
"","Isidor","","SUN","FWD","5","1.57","1","0.73","0","0","74","100","Available","1.3","0","0",""
"","A.Jimenez","","BOU","DEF","4.5","2.54","1","0","0","0","74","100","Available","0.1","0","0",""
"","Mané","","WOL","FWD","4.2","2.85","1","0.96","0","0","74","100","Available","1.4","0","0",""
"","Nmecha","","LEE","FWD","5","2.27","1","0.9","0","0","73","100","Available","0.5","0","0",""
"","Joelinton","","NEW","MID","5.9","2.59","1","0.01","0","0","73","0","Injured","0.3","0","0","Thigh injury - Expected back 01 Jun"
"","Mainoo","","MUN","MID","4.7","2.58","1","0.91","0","0","73","100","Available","1.4","0","0",""
"","Madueke","","ARS","MID","6.8","2.68","1","0.71","0","0","72","100","Available","0.8","0","0",""
"","L.Miley","","NEW","MID","4.4","2.96","1","0","0","0","72","0","Injured","1.7","0","0","Leg injury - Expected back 01 Jul"
"","Canvot","","CRY","DEF","4.5","3.22","1","0.86","0","0","72","100","Available","0.5","0","0",""
"","Darlow","","LEE","GK","4","3.27","1","0.92","0","0","71","100","Available","6.9","0","0",""
"","P.M.Sarr","","TOT","MID","4.5","2.09","1","0.71","0","0","71","100","Available","1.0","0","0",""
"","Walker","","BUR","DEF","4.4","2.13","1","0.94","0","0","70","100","Available","1.2","0","0",""
"","Cullen","","BUR","MID","4.9","2.91","1","0","0","0","70","0","Injured","0.8","0","0","Knee injury - Expected back 30 Sep"
"","Lerma","","CRY","MID","4.9","2.14","1","0.86","0","0","69","100","Available","0.1","0","0",""
"","Rodrigo","","MCI","MID","6.3","3.56","1","0.84","0","0","69","100","Available","0.5","0","0",""
"","L.Paquetá","","WHU","MID","5.9","3.5","1","0","0","0","69","0","Unavailable","1.0","0","0","has joined Flamengo permanently."
"","José Sá","","WOL","GK","4.2","3.24","1","0.92","0","0","68","100","Available","1.1","0","0",""
"","Tielemans","","AVL","MID","5.9","3.18","1","0.93","0","0","68","100","Available","0.7","0","0",""
"","Gudmundsson","","LEE","DEF","3.8","2.56","1","0.01","0","0","68","0","Injured","2.5","0","0","Hamstring injury - Expected back 01 Jun"
"","Krejčí","","WOL","DEF","4.5","2.88","1","0.77","0","0","68","100","Available","0.1","0","0",""
"","Iroegbunam","","EVE","MID","4.8","2.02","1","0.86","0","0","68","100","Available","0.0","0","0",""
"","Aina","","NFO","DEF","4.7","3.21","1","0.65","0","0","67","75","Doubtful","2.1","0","0","Lack of match fitness - 75% chance of playing"
"","Merino","","ARS","MID","5.3","2.7","1","0.45","0","0","67","100","Available","0.7","0","0",""
"","Kamada","","CRY","MID","5","2.48","1","0.95","0","0","67","100","Available","0.1","0","0",""
"","Lukić","","FUL","MID","4.9","2.48","1","0.87","0","0","67","100","Available","0.1","0","0",""
"","Wan-Bissaka","","WHU","DEF","4.1","2.75","1","0.75","0","0","67","100","Available","4.3","0","0",""
"","Tanaka","","LEE","MID","4.8","2.55","1","0.84","0","0","67","100","Available","0.2","0","0",""
"","Adli","","BOU","MID","5.4","2.01","1","0.64","0","0","67","100","Available","0.2","0","0",""
"","Rayan","","BOU","MID","5.4","3.67","1","0.88","0","0","67","100","Available","2.3","0","0",""
"","Khusanov","","MCI","DEF","5.4","3.01","1","0.83","0","0","67","100","Available","0.7","0","0",""
"","Tolu","","WOL","FWD","5.1","1.94","1","0.85","0","0","66","100","Available","0.1","0","0",""
"","Robinson","","FUL","DEF","4.9","2.91","1","0.9","0","0","65","100","Available","0.9","0","0",""
"","Johnson","","CRY","MID","6.5","2.24","1","0.95","0","0","65","100","Available","2.4","0","0",""
"","Fofana","","CHE","DEF","4.4","2.43","1","0.83","0","0","65","0","Suspended","0.4","0","0","Suspended until 05 Sep"
"","Diarra","","SUN","MID","5.3","2.42","1","0.83","0","0","65","100","Available","0.1","0","0",""
"","Pau","","AVL","DEF","4.3","2.82","1","0.49","0","0","64","100","Available","0.3","0","0",""
"","Danso","","TOT","DEF","4.2","2.91","1","0.93","0","0","63","100","Available","0.2","0","0",""
"","Frimpong","","LIV","DEF","5.7","2.56","1","0.51","0","0","63","100","Available","4.9","0","0",""
"","N.Gonzalez","","MCI","MID","5.9","1.99","1","0.3","0","0","63","100","Available","0.1","0","0",""
"","Hartman","","BUR","DEF","4","2.52","1","0.48","0","0","63","100","Available","0.6","0","0",""
"","King","","FUL","MID","4.4","1.51","1","0.92","0","0","63","100","Available","1.6","0","0",""
"","Chukwueze","","FUL","MID","5.3","2.26","1","0.86","0","0","62","100","Available","0.1","0","0",""
"","J.Ramsey","","NEW","MID","5.3","2.16","1","0.95","0","0","62","100","Available","0.3","0","0",""
"","Mitoma","","BHA","MID","6.1","2.57","1","0.01","0","0","62","0","Injured","1.9","0","0","Hamstring injury - Expected back 01 Jun"
"","Castagne","","FUL","DEF","4.3","2.93","1","0.89","0","0","61","100","Available","0.2","0","0",""
"","Kamara","","AVL","MID","4.9","2.73","1","0.01","0","0","61","0","Injured","0.2","0","0","Knee injury - Expected back 01 Jun"
"","Taty","","WHU","FWD","5.5","2.96","1","0.8","0","0","61","100","Available","0.3","0","0",""
"","Mosquera","","WOL","DEF","4.3","3.21","1","0.87","0","0","61","100","Available","0.1","0","0",""
"","Gray","","TOT","MID","4.8","2.16","1","0.39","0","0","61","100","Available","0.1","0","0",""
"","Aït-Nouri","","MCI","DEF","5.7","2.77","1","0.47","0","0","60","100","Available","4.1","0","0",""
"","Brooks","","BOU","MID","5","2.31","1","0.93","0","0","59","100","Available","0.2","0","0",""
"","Livramento","","NEW","DEF","4.9","2.94","1","0.01","0","0","59","0","Injured","1.8","0","0","Thigh injury - Expected back 01 Jun"
"","Hannibal","","BUR","MID","4.7","1.83","1","0.91","0","0","59","100","Available","0.1","0","0",""
"","Tchaouna","","BUR","MID","4.8","2.17","1","0.85","0","0","59","100","Available","0.0","0","0",""
"","Smith","","BOU","DEF","4.4","1.98","1","0.61","0","0","58","100","Available","0.2","0","0",""
"","Mount","","MUN","MID","5.9","1.8","1","0.75","0","0","58","100","Available","0.3","0","0",""
"","Foster","","BUR","FWD","4.9","1.67","1","0.57","0","0","58","100","Available","0.7","0","0",""
"","Estêvão","","CHE","MID","6.4","2.03","1","0.01","0","0","58","0","Injured","1.7","0","0","Hamstring injury - Expected back 01 Jun"
"","Martinelli","","ARS","MID","6.8","2.24","1","0.69","0","0","57","100","Available","0.9","0","0",""
"","Barkley","","AVL","MID","4.8","2.59","1","0.95","0","0","56","100","Available","0.1","0","0",""
"","Laurent","","BUR","MID","4.8","1.55","1","0.95","0","0","56","100","Available","0.0","0","0",""
"","Longstaff","","LEE","MID","4.8","1.73","1","0.83","0","0","56","100","Available","0.2","0","0",""
"","Marmoush","","MCI","MID","8.3","2.13","1","0.76","0","0","56","100","Available","2.9","0","0",""
"","Gruev","","LEE","MID","4.7","2","1","0.01","0","0","56","0","Injured","0.1","0","0","Knee injury - Expected back 01 Jun"
"","Garnacho","","CHE","MID","6.4","2.37","1","0.78","0","0","56","100","Available","0.4","0","0",""
"","Baleba","","BHA","MID","4.5","2.29","1","0.86","0","0","56","100","Available","1.5","0","0",""
"","Yoro","","MUN","DEF","4.1","2.01","1","0.52","0","0","56","100","Available","1.2","0","0",""
"","Robertson","","LIV","DEF","5.7","2.62","1","0.57","0","0","55","100","Available","1.2","0","0",""
"","Malen","","AVL","MID","5.1","2.29","1","0","0","0","55","0","Unavailable","0.4","0","0","has joined Roma on loan for the rest of the season."
"","Geertruida","","SUN","DEF","4.5","2.2","1","0.6","0","0","55","100","Available","0.1","0","0",""
"","Trippier","","NEW","DEF","4.9","2.61","1","0.65","0","0","54","100","Available","1.4","0","0",""
"","Hee Chan","","WOL","MID","5.6","1.99","1","0.75","0","0","54","100","Available","0.1","0","0",""
"","Maatsen","","AVL","DEF","4.2","2.75","1","0.84","0","0","54","100","Available","0.5","0","0",""
"","Walker-Peters","","WHU","DEF","4.2","2.05","1","0.43","0","0","53","100","Available","0.3","0","0",""
"","Mazraoui","","MUN","DEF","4.9","2.44","1","0.57","0","0","53","100","Available","0.3","0","0",""
"","McNeil","","EVE","MID","5.5","2.51","1","0.64","0","0","53","100","Available","0.1","0","0",""
"","Morato","","NFO","DEF","4.3","2.25","1","0.77","0","0","53","100","Available","0.1","0","0",""
"","Henry","","BRE","DEF","4.3","2.12","1","0.01","0","0","52","0","Injured","0.1","0","0","Hamstring injury - Expected back 01 Jun"
"","Kolo Muani","","TOT","FWD","6.9","1.85","1","0.86","0","0","52","100","Available","0.4","0","0",""
"","Ekdal","","BUR","DEF","3.8","2.59","1","0.4","0","0","52","100","Available","0.7","0","0",""
"","Tchatchoua","","WOL","DEF","4.4","2","1","0.48","0","0","52","100","Available","0.0","0","0",""
"","Areola","","WHU","GK","4.2","2.8","1","0.08","0","0","51","100","Available","1.9","0","0",""
"","Schär","","NEW","DEF","5.2","3.48","1","0.01","0","0","51","0","Injured","1.1","0","0","Ankle injury - Expected back 01 Jun"
"","Edwards","","BUR","MID","4.7","2.04","1","0.45","0","0","51","100","Available","0.1","0","0",""
"","Martinez","","MUN","DEF","4.8","2.78","1","0.77","0","0","51","100","Available","0.4","0","0",""
"","Mings","","AVL","DEF","4.3","2.76","1","0.52","0","0","50","100","Available","0.6","0","0",""
"","Ndoye","","NFO","MID","5.5","1.49","1","0.34","0","0","50","100","Available","0.7","0","0",""
"","Disasi","","WHU","DEF","4.5","2.91","1","0.93","0","0","49","100","Available","0.2","0","0",""
"","Kevin","","FUL","MID","5.7","1.75","1","0.88","0","0","49","100","Available","0.1","0","0",""
"","Bergvall","","TOT","MID","5.2","1.47","1","0.75","0","0","49","100","Available","0.2","0","0",""
"","Dominguez","","NFO","MID","5","1.69","1","0.93","0","0","48","100","Available","0.0","0","0",""
"","Elanga","","NEW","MID","6.5","1.81","1","0.7","0","0","48","100","Available","2.6","0","0",""
"","R.Gomes","","WOL","DEF","4.4","2.31","1","0.94","0","0","48","100","Available","0.1","0","0",""
"","Christie","","BOU","MID","4.9","1.55","1","0","0","0","47","0","Suspended","0.1","0","0","Suspended until 29 Aug"
"","Humphreys","","BUR","DEF","3.9","2.02","1","0.75","0","0","47","100","Available","0.1","0","0",""
"","Andrey Santos","","CHE","MID","4.4","2.18","1","0.76","0","0","47","100","Available","0.3","0","0",""
"","Veltman","","BHA","DEF","4.3","1.71","1","0.87","0","0","46","100","Available","0.1","0","0",""
"","Diakité","","BOU","DEF","4.1","2.22","1","0.03","0","0","46","100","Available","0.3","0","0",""
"","Todibo","","WHU","DEF","4.3","1.96","1","0.66","0","0","46","100","Available","0.1","0","0",""
"","Odobert","","TOT","MID","5.3","2.18","1","0","0","0","46","0","Injured","0.0","0","0","Knee injury - Unknown return date"
"","Hughes","","CRY","MID","4.7","1.9","1","0.48","0","0","45","100","Available","0.1","0","0",""
"","White","","ARS","DEF","5.1","2.83","1","0.59","0","0","45","0","Injured","0.5","0","0","Knee injury - Expected back 24 May"
"","J.Arias","","WOL","MID","4.9","2.33","1","0","0","0","45","0","Unavailable","0.1","0","0","has joined Palmeiras permanently."
"","Delap","","CHE","FWD","6.2","1.74","1","0.83","0","0","45","100","Available","0.9","0","0",""
"","Bellegarde","","WOL","MID","5.1","1.77","1","0.76","0","0","44","100","Available","0.0","0","0",""
"","Gallagher","","TOT","MID","5","2.93","1","0.95","0","0","44","100","Available","0.2","0","0",""
"","Guessand","","CRY","MID","6.2","1.89","1","0.87","0","0","44","100","Available","0.0","0","0",""
"","Perri","","LEE","GK","4.4","2.62","1","0.08","0","0","43","100","Available","0.3","0","0",""
"","De Ligt","","MUN","DEF","4.9","3.62","1","0.01","0","0","43","0","Injured","1.8","0","0","Back injury - Expected back 01 Jun"
"","Awoniyi","","NFO","FWD","5.2","1.93","1","0.78","0","0","43","100","Available","0.4","0","0",""
"","Broja","","BUR","FWD","5.2","1.47","1","0.52","0","0","43","100","Available","0.1","0","0",""
"","Savinho","","MCI","MID","6.9","2.1","1","0.82","0","0","43","100","Available","0.4","0","0",""
"","Ngumoha","","LIV","MID","4.3","2.25","1","0.83","0","0","43","100","Available","1.4","0","0",""
"","Zirkzee","","MUN","FWD","5.8","1.26","1","0.81","0","0","42","100","Available","0.4","0","0",""
"","Bobb","","FUL","MID","5.1","2.06","1","0.95","0","0","42","100","Available","0.2","0","0",""
"","Bradley","","LIV","DEF","4.9","2.73","1","0.01","0","0","42","0","Injured","0.1","0","0","Knee injury - Expected back 01 Jun"
"","S.Magassa","","WHU","MID","5","1.54","1","0.4","0","0","42","100","Available","0.0","0","0",""
"","Heaven","","MUN","DEF","3.7","2.27","1","0.44","0","0","42","100","Available","2.6","0","0",""
"","Wood","","NFO","FWD","7.1","2.97","1","0.89","0","0","41","100","Available","4.7","0","0",""
"","Cairney","","FUL","MID","4.8","1.65","1","0.55","0","0","41","100","Available","0.0","0","0",""
"","Bruun Larsen","","BUR","MID","5.2","1.42","1","0.62","0","0","41","100","Available","0.0","0","0",""
"","Isak","","LIV","FWD","10.3","2.86","1","0.36","0","0","41","100","Available","3.8","0","0",""
"","Kluivert","","BOU","MID","6.9","2.66","1","0.88","0","0","41","100","Available","0.6","0","0",""
"","Toti","","WOL","DEF","4.2","2.88","1","0.59","0","0","41","100","Available","0.1","0","0",""
"","Ward-Prowse","","BUR","MID","5.6","2.38","1","0.91","0","0","40","100","Available","0.2","0","0",""
"","Solanke","","TOT","FWD","7.1","2.8","1","0.87","0","0","40","100","Available","1.1","0","0",""
"","Cook","","BOU","MID","4.9","2.06","1","0.84","0","0","40","100","Available","0.0","0","0",""
"","Mosquera","","ARS","DEF","5.3","2.27","1","0.8","0","0","40","100","Available","0.3","0","0",""
"","Bogarde","","AVL","DEF","4","1.85","1","0.57","0","0","40","100","Available","0.5","0","0",""
"","Mayenda","","SUN","FWD","5.1","1.67","1","0.37","0","0","40","100","Available","0.5","0","0",""
"","Armstrong","","WOL","FWD","5.1","2.67","1","0.95","0","0","39","100","Available","0.1","0","0",""
"","Boscagli","","BHA","DEF","4.2","2.76","1","0.46","0","0","39","100","Available","0.1","0","0",""
"","J.Cuenca","","FUL","DEF","4.3","1.67","1","0.1","0","0","39","100","Available","0.1","0","0",""
"","Savona","","NFO","DEF","4.5","2.72","1","0","0","0","39","0","Injured","0.0","0","0","Knee injury - Unknown return date"
"","Acheampong","","CHE","DEF","3.7","1.48","1","0.53","0","0","39","100","Available","1.8","0","0",""
"","Willock","","NEW","MID","5","1.97","1","0.68","0","0","38","100","Available","0.1","0","0",""
"","Ugarte","","MUN","MID","4.7","1.79","1","0.3","0","0","38","100","Available","0.1","0","0",""
"","Munetsi","","WOL","MID","5.3","2.52","1","0","0","0","38","0","Unavailable","0.0","0","0","has joined Paris FC on loan for the rest of the season."
"","Sancho","","AVL","MID","5.8","1.77","1","0.77","0","0","37","100","Available","0.2","0","0",""
"","Chiesa","","LIV","MID","6.3","1.15","1","0.71","0","0","37","100","Available","0.3","0","0",""
"","Hickey","","BRE","DEF","4","1.55","1","0.48","0","0","37","100","Available","0.3","0","0",""
"","Potts","","WHU","MID","4.3","1.64","1","0.29","0","0","37","100","Available","0.5","0","0",""
"","Aké","","MCI","DEF","5.2","1.95","1","0.42","0","0","36","100","Available","0.6","0","0",""
"","Kilman","","WHU","DEF","4","1.91","1","0.04","0","0","36","100","Available","0.1","0","0",""
"","Havertz","","ARS","FWD","7.3","3.09","1","0.9","0","0","36","100","Available","0.7","0","0",""
"","Muniz","","FUL","FWD","5.3","2.08","1","0.95","0","0","36","100","Available","0.7","0","0",""
"","Devenny","","CRY","MID","4.3","2.03","1","0.2","0","0","36","100","Available","1.1","0","0",""
"","Röhl","","EVE","MID","5","2","1","0.62","0","0","36","100","Available","0.0","0","0",""
"","Rigg","","SUN","MID","4.7","1.91","1","0.6","0","0","36","100","Available","0.1","0","0",""
"","Milner","","BHA","MID","4.9","2.01","1","0.28","0","0","35","100","Available","0.1","0","0",""
"","Douglas Luiz","","AVL","MID","4.9","1.86","1","0.76","0","0","35","100","Available","0.1","0","0",""
"","Møller Wolfe","","WOL","DEF","4.2","1.78","1","0.58","0","0","35","100","Available","0.1","0","0",""
"","Gruda","","BHA","MID","5.4","2.16","1","0","0","0","35","0","Unavailable","0.0","0","0","has joined Leipzig on loan for the rest of the season."
"","Kostoulas","","BHA","FWD","4.8","1.39","1","0.65","0","0","35","100","Available","0.3","0","0",""
"","Tosin","","CHE","DEF","4","1.88","1","0.29","0","0","34","100","Available","0.3","0","0",""
"","Tuanzebe","","BUR","DEF","3.9","1.99","1","0.5","0","0","34","100","Available","0.9","0","0",""
"","Mamardashvili","","LIV","GK","4.1","3.49","1","0.26","0","0","34","100","Available","0.7","0","0",""
"","Adingra","","SUN","MID","4.9","1.86","1","0","0","0","34","0","Unavailable","0.3","0","0","has joined AS Monaco on loan for the rest of the season."
"","Gomez","","LIV","DEF","4.9","1.33","1","0.83","0","0","33","100","Available","0.2","0","0",""
"","Branthwaite","","EVE","DEF","5.3","3.16","1","0.01","0","0","32","0","Injured","0.3","0","0","Hamstring injury - Expected back 01 Jun"
"","Gnonto","","LEE","MID","5.1","1.22","1","0.84","0","0","32","100","Available","0.1","0","0",""
"","Diop","","FUL","DEF","4.3","2.53","1","0.45","0","0","31","100","Available","0.1","0","0",""
"","Traoré","","SUN","MID","5.5","2.04","1","0.15","0","0","30","100","Available","0.0","0","0",""
"","Yates","","NFO","MID","4.7","1.2","1","0.72","0","0","30","100","Available","0.1","0","0",""
"","Lindelöf","","AVL","DEF","4.5","2.11","1","0.61","0","0","29","100","Available","0.1","0","0",""
"","Udogie","","TOT","DEF","4.3","2.32","1","0.91","0","0","29","100","Available","0.3","0","0",""
"","Lewis-Skelly","","ARS","DEF","5","1.87","1","0.68","0","0","29","100","Available","1.9","0","0",""
"","Alcaraz","","EVE","MID","5.2","1.5","1","0.55","0","0","29","100","Available","0.1","0","0",""
"","Enes Ünal","","BOU","FWD","5.4","1.15","1","0.84","0","0","27","100","Available","0.0","0","0",""
"","Wissa","","NEW","FWD","7.3","1.99","1","0.82","0","0","27","100","Available","0.6","0","0",""
"","O'Nien","","SUN","DEF","4","2.28","1","0.51","0","0","26","100","Available","0.1","0","0",""
"","Bakwa","","NFO","MID","5.9","1.99","1","0.65","0","0","26","100","Available","0.0","0","0",""
"","Pablo","","WHU","FWD","5.4","2.19","1","0.81","0","0","26","100","Available","0.0","0","0",""
"","Adama","","WHU","MID","5.1","1.22","1","0.05","0","0","25","25","Doubtful","0.1","0","0","Muscle injury - 25% chance of playing"
"","Ramsdale","","NEW","GK","4.8","2.47","1","0.1","0","0","25","100","Available","0.7","0","0",""
"","Bornauw","","LEE","DEF","3.8","1.44","1","0.43","0","0","25","100","Available","0.1","0","0",""
"","Gittens","","CHE","MID","6","1.62","1","0.04","0","0","25","25","Doubtful","0.1","0","0","Hamstring injury - 25% chance of playing"
"","Lucas Pires","","BUR","DEF","3.8","2.07","1","0.74","0","0","25","100","Available","0.3","0","0",""
"","G.Jesus","","ARS","FWD","6.4","1.84","1","0.27","0","0","24","100","Available","0.4","0","0",""
"","Abraham","","AVL","FWD","5.7","1.85","1","0.61","0","0","23","100","Available","0.2","0","0",""
"","James","","LEE","MID","5.2","1.48","1","0.87","0","0","23","100","Available","0.1","0","0",""
"","Nketiah","","CRY","FWD","5.4","1.82","1","0.01","0","0","23","0","Injured","0.3","0","0","Hamstring injury - Expected back 01 Jun"
"","Agbadou","","WOL","DEF","4.2","2.67","1","0","0","0","23","0","Unavailable","0.1","0","0","has joined Besiktas permanently."
"","Patterson","","EVE","DEF","4.4","1.76","1","0.17","0","0","22","100","Available","0.0","0","0",""
"","Johnstone","","WOL","GK","4.4","2.54","1","0","0","0","21","0","Injured","0.1","0","0","Shoulder injury - Expected back 25 May"
"","Bailey","","AVL","MID","5.5","1.86","1","0.64","0","0","21","100","Available","0.1","0","0",""
"","Scarles","","WHU","DEF","4.3","1.66","1","0.21","0","0","21","100","Available","0.0","0","0",""
"","Armstrong","","EVE","MID","4.5","1.53","1","0.28","0","0","21","100","Available","0.1","0","0",""
"","Worrall","","BUR","DEF","3.8","1.82","1","0.14","0","0","20","100","Available","0.2","0","0",""
"","Kinsky","","TOT","GK","3.9","3.27","1","0.5","0","0","20","100","Available","1.9","0","0",""
"","Chadi Riad","","CRY","DEF","4","2.32","1","0.43","0","0","20","100","Available","0.1","0","0",""
"","Lewis","","MCI","DEF","4.6","1.69","1","0.02","0","0","19","100","Available","1.2","0","0",""
"","Hato","","CHE","DEF","4.6","2.04","1","0.84","0","0","19","100","Available","0.2","0","0",""
"","Milosavljević","","BOU","DEF","4.4","2.37","1","0.01","0","0","19","100","Available","0.0","0","0",""
"","Dibling","","EVE","MID","5.3","1.29","1","0.07","0","0","18","100","Available","0.0","0","0",""
"","Clyne","","CRY","DEF","3.8","2.17","1","0.23","0","0","17","100","Available","0.5","0","0",""
"","Bissouma","","TOT","MID","5.2","1.48","1","0.55","0","0","17","100","Available","0.0","0","0",""
"","Piroe","","LEE","FWD","4.9","1.14","1","0.39","0","0","17","100","Available","0.3","0","0",""
"","McAtee","","NFO","MID","5","1.38","1","0.62","0","0","17","100","Available","0.1","0","0",""
"","Dragusin","","TOT","DEF","4.5","1.76","1","0.24","0","0","17","100","Available","0.0","0","0",""
"","Uche","","CRY","FWD","5.5","1.2","1","0.08","0","0","17","100","Available","0.1","0","0",""
"","M.Bizot","","AVL","GK","4.2","2.4","1","0.08","0","0","16","100","Available","0.4","0","0",""
"","Stones","","MCI","DEF","5.4","2.13","1","0.2","0","0","16","100","Available","0.6","0","0",""
"","Angel","","WOL","MID","4.6","1.61","1","0.75","0","0","16","100","Available","0.0","0","0",""
"","O'Riley","","BHA","MID","5.5","2.06","1","0.25","0","0","16","100","Available","0.3","0","0",""
"","Ellborg","","SUN","GK","4","2.99","1","0.08","0","0","16","100","Available","0.1","0","0",""
"","George","","EVE","MID","4.8","1.45","1","0.78","0","0","16","100","Available","0.1","0","0",""
"","Tzimas","","BHA","FWD","5.2","1.51","1","0.01","0","0","16","0","Injured","0.1","0","0","Knee injury - Expected back 01 Jun"
"","Dowman","","ARS","MID","4.2","1.71","1","0.29","0","0","16","100","Available","0.9","0","0",""
"","Reed","","FUL","MID","4.3","1.25","1","0.23","0","0","15","100","Available","0.3","0","0",""
"","Doherty","","WOL","DEF","4.4","2.2","1","0.01","0","0","14","0","Injured","0.1","0","0","Knock - Expected back 01 Jun"
"","Pinnock","","BRE","DEF","4.2","2.65","1","0.05","0","0","14","100","Available","0.1","0","0",""
"","Cirkin","","SUN","DEF","4","1.2","1","0.21","0","0","14","100","Available","0.0","0","0",""
"","Mundle","","SUN","MID","4.9","1.51","1","0.01","0","0","14","0","Injured","0.0","0","0","Hamstring injury - Expected back 01 Jun"
"","Nelson","","BRE","MID","4.8","1.4","1","0.23","0","0","13","100","Available","0.1","0","0",""
"","Carvalho","","BRE","MID","4.6","1.46","1","0.01","0","0","13","0","Injured","0.1","0","0","Knee injury - Expected back 01 Jun"
"","Trafford","","MCI","GK","4.5","3.26","1","0.08","0","0","13","100","Available","0.9","0","0",""
"","Marc Guiu","","CHE","FWD","4","1.32","1","0.11","0","0","13","100","Available","5.2","0","0",""
"","Lavia","","CHE","MID","4.9","1.58","1","0.38","0","0","13","75","Doubtful","0.0","0","0","Knock - 75% chance of playing"
"","Sonne","","BUR","DEF","3.8","1.51","1","0","0","0","13","0","Unavailable","0.2","0","0","has joined Sparta Prague on loan for the rest of the season."
"","Angulo","","SUN","MID","5","2.13","1","0.82","0","0","13","100","Available","0.0","0","0",""
"","Jair Cunha","","NFO","DEF","4.2","1.97","1","0.85","0","0","13","100","Available","0.1","0","0",""
"","Füllkrug","","WHU","FWD","5.6","1.78","1","0","0","0","12","0","Unavailable","0.6","0","0","has joined AC Milan on loan for the rest of the season."
"","Endo","","LIV","MID","4.9","1.24","1","0.18","0","0","12","50","Doubtful","0.1","0","0","Foot injury - 50% chance of playing"
"","Harrison","","LEE","MID","5.1","1.66","1","0","0","0","12","0","Unavailable","0.0","0","0","has joined ACF Fiorentina on loan for the rest of the season."
"","Onyeka","","BRE","MID","4.8","1.42","1","0","0","0","12","0","Unavailable","0.0","0","0","has joined Coventry City on loan for the rest of the season."
"","Fer López","","WOL","MID","5.1","1.58","1","0","0","0","12","0","Unavailable","0.0","0","0","has joined Celta Vigo on loan for the rest of the season."
"","Ortega Moreno","","NFO","GK","4.7","2.94","1","0.02","0","0","11","100","Available","0.2","0","0",""
"","John","","NFO","GK","4","2.75","1","0","0","0","11","100","Available","0.3","0","0",""
"","Bayindir","","MUN","GK","4.7","3.06","1","0.08","0","0","11","100","Available","0.3","0","0",""
"","Netz","","NFO","DEF","4.5","2.08","1","0.67","0","0","11","100","Available","0.0","0","0",""
"","Gannon-Doak","","BOU","MID","4.8","1.47","1","0.33","0","0","11","100","Available","0.0","0","0",""
"","Davies","","TOT","DEF","4.3","1.76","1","0","0","0","10","0","Injured","0.1","0","0","Ankle injury - Unknown return date"
"","Hoever","","WOL","DEF","3.8","1.91","1","0","0","0","10","0","Unavailable","0.8","0","0","has joined Sheffield United on loan for the rest of the season."
"","Coppola","","BHA","DEF","4.2","1.62","1","0","0","0","10","0","Unavailable","0.0","0","0","has joined Paris FC on loan for the rest of the season."
"","Pedro Lima","","WOL","DEF","4","1.68","1","0.73","0","0","10","100","Available","0.4","0","0",""
"","Kovačić","","MCI","MID","5.8","1.83","1","0.65","0","0","9","100","Available","0.0","0","0",""
"","Irving","","WHU","MID","4.3","1.27","1","0","0","0","9","0","Unavailable","0.2","0","0","has joined Sparta Prague permanently."
"","Kalimuendo","","NFO","FWD","6","1.36","1","0","0","0","9","0","Unavailable","0.1","0","0","has joined Eintracht Frankfurt on loan for the rest of the season."
"","Lucca","","NFO","FWD","5.3","1.91","1","0.23","0","0","9","100","Available","0.0","0","0",""
"","Jörgensen","","CHE","GK","4.3","2.92","1","0.09","0","0","9","100","Available","0.2","0","0",""
"","Mohamadou Kanté","","WHU","MID","4.5","0.73","1","0.47","0","0","9","100","Available","0.0","0","0",""
"","G.Rodriguez","","WHU","MID","4.8","1.24","1","0","0","0","8","0","Unavailable","0.0","0","0","has joined Valencia on loan for the rest of the season."
"","Colwill","","CHE","DEF","4.7","3.78","1","0.55","0","0","8","100","Available","0.2","0","0",""
"","Nwaneri","","ARS","MID","5","1.67","1","0","0","0","8","0","Unavailable","0.1","0","0","has joined Marseille on loan for the rest of the season."
"","Edozie","","WOL","MID","4.3","1.35","1","0.22","0","0","8","100","Available","0.4","0","0",""
"","Tóth.A","","BOU","MID","4.9","1.36","1","0.49","0","0","8","100","Available","0.0","0","0",""
"","Benitez","","CRY","GK","3.9","2.77","1","0.08","0","0","7","100","Available","0.3","0","0",""
"","Nørgaard","","ARS","MID","5.1","1.6","1","0.09","0","0","7","100","Available","0.1","0","0",""
"","Zinchenko","","NFO","DEF","4.9","2.61","1","0","0","0","7","0","Unavailable","0.2","0","0","has joined Ajax permanently."
"","B.Badiashile","","CHE","DEF","4.4","1.93","1","0.03","0","0","7","100","Available","0.0","0","0",""
"","Weiss","","BUR","GK","4.2","3.17","1","0.75","0","0","7","100","Available","0.2","0","0",""
"","Bentley","","WOL","GK","3.9","2.79","1","0.02","0","0","6","100","Available","0.5","0","0",""
"","Woodman","","LIV","GK","3.9","2.62","1","0.02","0","0","6","100","Available","0.3","0","0",""
"","Sosa","","CRY","DEF","4.8","1.26","1","0.2","0","0","6","75","Doubtful","0.1","0","0","Knock - 75% chance of playing"
"","Igor","","BHA","DEF","4.5","1.68","1","0","0","0","6","100","Available","0.1","0","0",""
"","Trésor","","BUR","MID","4.3","1.01","1","0.23","0","0","6","100","Available","0.1","0","0",""
"","Nyoni","","LIV","MID","4.3","1.11","1","0.14","0","0","6","100","Available","0.3","0","0",""
"","Mayers","","WHU","DEF","4","1.36","1","0.04","0","0","6","100","Available","0.0","0","0",""
"","Kusi-Asare","","FUL","FWD","4.5","0.84","1","0.01","0","0","6","0","Injured","0.1","0","0","Knee injury - Expected back 01 Jun"
"","Barnes","","BUR","FWD","4.2","0.82","1","0.13","0","0","5","100","Available","1.2","0","0",""
"","Coleman","","EVE","DEF","4.2","1.28","1","0.23","0","0","5","100","Available","0.1","0","0",""
"","Elliott","","AVL","MID","5.1","1.56","1","0.02","0","0","5","100","Available","0.2","0","0",""
"","Alleyne","","MCI","DEF","3.9","2.49","1","0.01","0","0","5","100","Available","0.0","0","0",""
"","Watson","","BHA","MID","4.8","1.23","1","0","0","0","5","0","Unavailable","0.0","0","0","has joined Millwall on loan for the rest of the season."
"","L.Guilherme","","WHU","MID","4.9","1.24","1","0","0","0","5","0","Unavailable","0.0","0","0","has joined Sporting CP permanently."
"","A.García","","AVL","DEF","3.9","1.18","1","0.14","0","0","5","100","Available","0.2","0","0",""
"","March","","BHA","MID","5.8","1.73","1","0.62","0","0","4","100","Available","0.0","0","0",""
"","H.Traorè","","BOU","MID","4.5","1.52","1","0","0","0","4","0","Unavailable","0.3","0","0","has joined Marseille on loan for the rest of the season."
"","Amdouni","","BUR","FWD","4.8","1.56","1","0.79","0","0","4","100","Available","0.0","0","0",""
"","Howell","","BHA","MID","4.5","1.41","1","0.07","0","0","4","100","Available","0.0","0","0",""
"","Donovan","","BRE","MID","4.4","1.13","1","0.07","0","0","4","100","Available","0.1","0","0",""
"","Esse","","CRY","MID","4.7","1.44","1","0","0","0","4","0","Unavailable","0.1","0","0","has joined Coventry City on loan for the rest of the season."
"","Maddison","","TOT","MID","6.8","2.57","1","0.72","0","0","3","100","Available","0.3","0","0",""
"","N.Aguerd","","WHU","DEF","4.4","3.04","1","0","0","0","3","0","Unavailable","0.0","0","0","has joined Marseille permanently."
"","Malacia","","MUN","DEF","3.7","1.39","1","0.04","0","0","3","100","Available","0.6","0","0",""
"","Neil","","SUN","MID","4.8","1.61","1","0","0","0","3","0","Unavailable","0.0","0","0","has joined Ipswich Town on loan for the rest of the season."
"","Buonanotte","","LEE","MID","4.6","1.34","1","0.02","0","0","3","100","Available","0.1","0","0",""
"","J.Fletcher","","MUN","MID","4.3","1.32","1","0.01","0","0","3","100","Available","0.1","0","0",""
"","Abbott","","NFO","DEF","3.8","1.73","1","0.23","0","0","3","100","Available","0.2","0","0",""
"","M.Sarr","","CHE","DEF","4.5","2.46","1","0.27","0","0","3","100","Available","0.0","0","0",""
"","Soler","","BOU","DEF","3.9","1.15","1","0","0","0","3","100","Available","0.2","0","0",""
"","Lacey","","MUN","MID","4.5","1.21","1","0.01","0","0","3","100","Available","0.0","0","0",""
"","Souza","","TOT","DEF","4","1.57","1","0.12","0","0","3","100","Available","0.0","0","0",""
"","Alysson","","AVL","MID","5","1.77","1","0","0","0","3","0","Injured","0.0","0","0","Muscle injury - Unknown return date"
"","Arrizabalaga","","ARS","GK","4","3.3","1","0.08","0","0","2","100","Available","0.4","0","0",""
"","Byram","","LEE","DEF","3.7","1.69","1","0.21","0","0","2","100","Available","0.4","0","0",""
"","Dasilva","","BRE","MID","4.9","1.93","1","0.61","0","0","2","100","Available","0.0","0","0",""
"","Scarlett","","TOT","FWD","4.3","1.03","1","0","0","0","2","0","Unavailable","0.5","0","0","has joined Hibernian on loan for the rest of the season."
"","Chirewa","","WOL","MID","4.3","1.29","1","0","0","0","2","0","Unavailable","0.2","0","0","has joined Barnsley on loan for the rest of the season."
"","Seelt","","SUN","DEF","4","2.21","1","0","0","0","2","0","Unavailable","0.1","0","0","has joined Wolfsburg on loan for the rest of the season."
"","Fletcher","","MUN","MID","4.4","1.14","1","0.01","0","0","2","100","Available","0.0","0","0",""
"","A.Murphy","","NEW","DEF","3.8","1.76","1","0.01","0","0","2","100","Available","0.7","0","0",""
"","Marshall","","WHU","FWD","4.3","1.04","1","0","0","0","2","0","Unavailable","0.5","0","0","has joined VfL Bochum 1848 on loan for the rest of the season."
"","George Hemmings","","AVL","MID","4.5","1.19","1","0.01","0","0","2","100","Available","0.0","0","0",""
"","Cardines","","CRY","MID","4.4","1.56","1","0","0","0","2","100","Available","0.3","0","0",""
"","Mukasa","","MCI","MID","4.4","1.24","1","0","0","0","2","0","Unavailable","0.0","0","0","has joined Leicester City on loan for the rest of the season."
"","Drakes-Thomas","","CRY","MID","4.5","1.17","1","0.01","0","0","2","100","Available","0.0","0","0",""
"","Lascelles","","NEW","DEF","4.3","2.43","1","0","0","0","1","0","Unavailable","0.0","0","0","has joined Leicester City permanently."
"","Masuaku","","SUN","DEF","3.9","1.74","1","0","0","0","1","0","Unavailable","0.5","0","0","has joined RC Lens on loan for the rest of the season."
"","Gunn","","NFO","GK","4","2.46","1","0.02","0","0","1","100","Available","1.1","0","0",""
"","Roberts","","SUN","MID","5.4","2.59","1","0","0","0","1","0","Unavailable","0.0","0","0","has joined Birmingham City permanently."
"","Édouard","","CRY","FWD","5","1.66","1","0","0","0","1","0","Unavailable","0.2","0","0","has joined RC Lens permanently."
"","Kalajdžić","","WOL","FWD","4.9","1.63","1","0","0","0","1","0","Unavailable","0.0","0","0","has joined LASK on loan for the rest of the season."
"","Peart-Harris","","BRE","MID","4.4","1.34","1","0","0","0","1","0","Unavailable","0.0","0","0","has joined Oxford United permanently."
"","Earthy","","WHU","MID","4.5","1.46","1","0","0","0","1","0","Unavailable","0.0","0","0","has joined Bristol City on loan for the rest of the season."
"","D.Essugo","","CHE","MID","4.3","0.82","1","0.44","0","0","1","100","Available","0.1","0","0",""
"","Rowswell","","TOT","DEF","4","1.78","1","0.04","0","0","1","100","Available","0.0","0","0",""
"","Olusesi","","TOT","MID","4.3","1.4","1","0.04","0","0","1","100","Available","0.2","0","0",""
"","Valdimarsson","","BRE","GK","3.8","2.75","1","0.08","0","0","1","100","Available","1.0","0","0",""
"","Jota","","NFO","MID","5.4","1.68","1","0","0","0","1","0","Unavailable","0.0","0","0","has joined Besiktas on loan for the rest of the season."
"","Rodney","","CRY","MID","4.4","1.36","1","0","0","0","1","100","Available","0.1","0","0",""
"","Milambo","","BRE","MID","5.2","2.44","1","0.01","0","0","1","0","Injured","0.0","0","0","Knee injury - Expected back 01 Jun"
"","Fredricson","","MUN","DEF","3.7","1.96","1","0","0","0","1","100","Available","0.2","0","0",""
"","Banel","","BUR","MID","4.5","1.23","1","0","0","0","1","0","Unavailable","0.0","0","0","has joined Derby County on loan for the rest of the season."
"","Oriola","","BHA","MID","4.5","1.17","1","0","0","0","1","100","Available","0.0","0","0",""
"","Jimoh-Aloba","","AVL","MID","4.5","1.41","1","0","0","0","1","0","Unavailable","0.1","0","0","has joined West Brom on loan for the rest of the season."
"","Mheuka","","CHE","FWD","4.5","1.02","1","0.23","0","0","1","100","Available","0.0","0","0",""
"","Knight","","BHA","MID","4.4","1.31","1","0","0","0","1","0","Unavailable","0.1","0","0","has joined Stevenage permanently."
"","Bendito Mantato","","MUN","MID","4.5","1.23","1","0","0","0","1","100","Available","0.0","0","0",""
"","Furo","","BRE","FWD","4.5","0.94","1","0.17","0","0","1","100","Available","0.0","0","0",""
"","Neave","","NEW","FWD","4.3","1.11","1","0","0","0","1","100","Available","0.3","0","0",""
"","Winterburn","","BOU","MID","4.5","1.21","1","0","0","0","1","0","Unavailable","0.0","0","0","has joined Barnet on loan for the rest of the season."
"","Derry","","CHE","MID","4.5","1.31","1","0.41","0","0","1","100","Available","0.0","0","0",""
"","Byfield","","TOT","DEF","4","1.71","1","0.01","0","0","1","100","Available","0.0","0","0",""
"","Burrowes","","AVL","MID","4.3","1.23","1","0","0","0","1","100","Available","0.1","0","0",""
"","Abbey","","WOL","MID","4.5","1.25","1","0.01","0","0","1","100","Available","0.0","0","0",""
"","Jocelin.T","","SUN","MID","4.9","2.04","1","0.24","0","0","1","100","Available","0.0","0","0",""
"","Ruddy","","NEW","GK","4","3.02","1","0.02","0","0","0","100","Available","0.0","0","0",""
"","Heaton","","MUN","GK","3.8","3.02","1","0.02","0","0","0","100","Available","0.6","0","0",""
"","Fabianski","","WHU","GK","4.5","2.94","1","0.02","0","0","0","100","Available","0.0","0","0",""
"","Forster","","BOU","GK","4","2.81","1","0.02","0","0","0","100","Available","0.0","0","0",""
"","Steele","","BHA","GK","4.2","3.43","1","0.08","0","0","0","100","Available","0.2","0","0",""
"","Hladký","","BUR","GK","3.9","2.84","1","0.02","0","0","0","100","Available","0.1","0","0",""
"","Gündoğan","","MCI","MID","6.3","3.35","1","0","0","0","0","0","Unavailable","0.1","0","0","has joined Galatasaray permanently."
"","Neto","","BOU","GK","4.5","3.43","1","0","0","0","0","0","Unavailable","0.1","0","0","Has joined Botafogo permanently."
"","Moore","","SUN","GK","3.9","2.84","1","0.02","0","0","0","100","Available","0.3","0","0",""
"","Gillespie","","NEW","GK","3.9","2.84","1","0.02","0","0","0","100","Available","0.1","0","0",""
"","Foderingham","","WHU","GK","4","2.95","1","0","0","0","0","0","Unavailable","0.2","0","0","has joined Aris Limassol permanently."
"","Son","","TOT","MID","8.5","3.7","1","0","0","0","0","0","Unavailable","0.1","0","0","has joined Los Angeles FC permanently."
"","Lecomte","","FUL","GK","3.9","2.84","1","0.08","0","0","0","100","Available","0.7","0","0",""
"","Boly","","NFO","DEF","3.8","2.02","1","0","0","0","0","0","Injured","0.3","0","0","Knee injury - Unknown return date"
"","Cairns","","LEE","GK","3.9","2.84","1","0.02","0","0","0","100","Available","0.1","0","0",""
"","Alex Moreno","","AVL","DEF","4","2.3","1","0","0","0","0","0","Unavailable","1.5","0","0","Has joined Girona permanently."
"","Bamford","","LEE","FWD","4.9","1.84","1","0","0","0","0","0","Unavailable","0.3","0","0","has departed the club as a free agent."
"","Emerson","","WHU","DEF","4.4","2.71","1","0","0","0","0","0","Unavailable","0.0","0","0","has joined Marseille permanently."
"","Webster","","BHA","DEF","4.4","2.68","1","0","0","0","0","0","Injured","0.0","0","0","Knee injury - Unknown return date"
"","Odysseas","","NEW","GK","4","3.02","1","0","0","0","0","0","Unavailable","0.0","0","0","Has joined Sevilla on loan for the rest of the season."
"","Krafth","","NEW","DEF","4.3","1.38","1","0","0","0","0","0","Injured","0.0","0","0","Knee injury - Unknown return date"
"","Ederson M.","","MCI","GK","5.3","3.44","1","0","0","0","0","0","Unavailable","0.8","0","0","has joined Fenerbache permanently."
"","Bettinelli","","MCI","GK","3.8","3.02","1","0.02","0","0","0","100","Available","0.4","0","0",""
"","King","","EVE","GK","3.9","2.83","1","0.02","0","0","0","100","Available","1.2","0","0",""
"","Cornet","","WHU","MID","4.9","2.31","1","0","0","0","0","0","Unavailable","0.0","0","0","has joined Genoa on loan for the rest of the season."
"","Dendoncker","","AVL","MID","4.5","1.32","1","0","0","0","0","0","Unavailable","0.1","0","0","Has joined Real Oviedo permanently."
"","Hayden","","NEW","MID","4.5","1.33","1","0","0","0","0","0","Unavailable","0.0","0","0","Has departed the club as a free agent."
"","Phillips","","MCI","MID","4.7","1.97","1","0","0","0","0","0","Unavailable","0.1","0","0","has joined Sheffield United on loan for the rest of the season."
"","Holding","","CRY","DEF","4","2.17","1","0","0","0","0","0","Unavailable","0.0","0","0","Has joined Colorado Rapids permanently."
"","Andreas","","FUL","MID","5.3","3.02","1","0","0","0","0","0","Unavailable","0.1","0","0","has joined Palmeiras permanently."
"","Philip","","BOU","MID","4.9","2.19","1","0","0","0","0","0","Unavailable","0.0","0","0","has joined Midtjylland permanently."
"","Targett","","NEW","DEF","4","2.11","1","0","0","0","0","0","Unavailable","0.1","0","0","has joined Middlesbrough on loan for the rest of the season."
"","Matthews","","CRY","GK","3.9","3.02","1","0.02","0","0","0","100","Available","0.1","0","0",""
"","Browne","","SUN","MID","4.5","1.31","1","0","0","0","0","0","Unavailable","0.0","0","0","has joined Middlesbrough on loan for the rest of the season."
"","Rashford","","MUN","MID","7","3.66","1","0","0","0","0","0","Unavailable","0.0","0","0","Has joined Barcelona on loan for the rest of the season"
"","Guedes","","WOL","MID","5.5","2.47","1","0","0","0","0","0","Unavailable","0.0","0","0","Has joined Real Sociedad permanently."
"","Benson","","BUR","MID","5.4","2.66","1","0","0","0","0","0","Unavailable","0.0","0","0","has joined Maccabi Haifa permanently."
"","Roberts","","BUR","DEF","4.3","2.68","1","0.49","0","0","0","100","Available","0.0","0","0",""
"","Onana","","MUN","GK","4.9","3.52","1","0","0","0","0","0","Unavailable","0.1","0","0","has joined Trabzonspor on loan for the rest of the season."
"","Estupiñan","","BHA","DEF","4.5","3.1","1","0","0","0","0","0","Unavailable","0.0","0","0","Has joined AC Milan permanently"
"","O.Richards","","NFO","DEF","4.5","2.79","1","0","0","0","0","0","Unavailable","0.0","0","0","has joined Rio Ave on loan for the rest of the season."
"","McGill","","BHA","GK","3.9","2.84","1","0.02","0","0","0","100","Available","0.3","0","0",""
"","Akanji","","MCI","DEF","5.4","3.15","1","0","0","0","0","0","Unavailable","0.3","0","0","has joined Inter Milan on loan for the rest of the season."
"","Nkunku","","CHE","MID","5.9","2.46","1","0","0","0","0","0","Unavailable","0.1","0","0","has joined AC Milan permanently."
"","Álvarez","","WHU","MID","4.9","1.97","1","0","0","0","0","0","Unavailable","0.0","0","0","Has joined Fenerbahçe on loan for the rest of the season."
"","Tsimikas","","LIV","DEF","4.8","3.07","1","0","0","0","0","0","Unavailable","0.0","0","0","has joined AS Roma on loan for the rest of the season."
"","Austin","","TOT","GK","3.9","3.01","1","0.02","0","0","0","100","Available","0.3","0","0",""
"","Poveda","","SUN","MID","4.7","2.18","1","0","0","0","0","100","Available","0.0","0","0",""
"","R.Williams","","LIV","DEF","3.7","2.03","1","0","0","0","0","100","Available","0.5","0","0",""
"","Obafemi","","BUR","FWD","4.4","1.03","1","0","0","0","0","0","Unavailable","0.1","0","0","has joined Blackpool on loan for the rest of the season."
"","Alese","","SUN","DEF","4","2.07","1","0","0","0","0","0","Unavailable","0.0","0","0","has joined Portsmouth on loan for the rest of the season."
"","Maghoma","","BRE","MID","4.5","1.28","1","0","0","0","0","0","Unavailable","0.0","0","0","has joined Norwich City permanently."
"","Mepham","","BOU","DEF","4","2.12","1","0","0","0","0","0","Unavailable","0.1","0","0","has joined West Bromwich Albion permanently."
"","Turner","","NFO","GK","4","3.02","1","0","0","0","0","0","Unavailable","0.1","0","0","Has joined Lyon permanently."
"","Sinisterra","","BOU","MID","5","2.22","1","0","0","0","0","0","Unavailable","0.0","0","0","has joined Cruzeiro on loan for the rest of the season."
"","Roerslev","","BRE","DEF","4.5","2.64","1","0","0","0","0","0","Unavailable","0.0","0","0","Has joined Southampton permanently."
"","Travers","","EVE","GK","4.2","3.24","1","0.08","0","0","0","100","Available","0.1","0","0",""
"","Jenson Jones","","SUN","DEF","4","2.02","1","0","0","0","0","100","Available","0.0","0","0",""
"","Patterson","","SUN","GK","4.2","3.18","1","0","0","0","0","0","Unavailable","0.1","0","0","has joined Millwall on loan for the rest of the season."
"","Lamptey","","BHA","DEF","4.4","2.67","1","0","0","0","0","0","Unavailable","0.1","0","0","has joined Fiorentina permanently."
"","Anderson","","SUN","DEF","3.8","2.02","1","0","0","0","0","0","Unavailable","0.3","0","0","has joined Barrow FC permanently."
"","Balcombe","","BRE","GK","3.9","2.84","1","0.02","0","0","0","100","Available","0.2","0","0",""
"","Solomon","","TOT","MID","5.4","2.79","1","0","0","0","0","0","Unavailable","0.0","0","0","has joined Fiorentina on loan for the rest of the season."
"","Hodge","","WOL","MID","4.5","1.33","1","0","0","0","0","0","Unavailable","0.0","0","0","Signed by CD Tondela"
"","Scherpen","","BHA","GK","4","3.02","1","0","0","0","0","0","Unavailable","0.0","0","0","Has joined Union SG permanently"
"","Jordan","","BUR","DEF","3.9","2.06","1","0.01","0","0","0","0","Injured","0.1","0","0","Hamstring injury - Expected back 01 Jun"
"","O'Brien","","NFO","MID","5","2.36","1","0","0","0","0","0","Unavailable","0.0","0","0","Has joined Wrexham permanently."
"","Luis Díaz","","LIV","MID","8","4.76","1","0","0","0","0","0","Unavailable","0.0","0","0","Has joined Bayern Munch permanently."
"","Delcroix","","BUR","DEF","3.8","2.02","1","0","0","0","0","0","Unavailable","0.2","0","0","has joined Lugano permanently."
"","Greenwood","","LEE","MID","4.9","2.29","1","0","0","0","0","0","Unavailable","0.0","0","0","has joined Pogon Szczecin permanently."
"","Churlinov","","BUR","MID","4.9","2.3","1","0","0","0","0","0","Unavailable","0.0","0","0","has joined Kocaelispor  permanently."
"","Benda","","FUL","GK","4","3.02","1","0","0","0","0","0","Unavailable","0.0","0","0","has joined Feyenoord on loan for the rest of the season."
"","Ramazani","","LEE","MID","4.9","2.29","1","0","0","0","0","0","Unavailable","0.0","0","0","has joined Valencia on loan for the rest of the season."
"","Bryan","","TOT","MID","4.9","2.26","1","0","0","0","0","0","Unavailable","0.0","0","0","has joined Girona permanently."
"","Mandas","","BOU","GK","4","2.84","1","0.08","0","0","0","100","Available","0.0","0","0",""
"","J.Araujo","","BOU","DEF","3.8","1.95","1","0","0","0","0","0","Unavailable","0.5","0","0","has joined Celtic on loan for the rest of the season."
"","Meslier","","LEE","GK","4.1","3.18","1","0.02","0","0","0","100","Available","0.3","0","0",""
"","Sambi","","ARS","MID","4.5","1.31","1","0","0","0","0","0","Unavailable","0.0","0","0","has joined Hamburger permanently."
"","Fábio Vieira","","ARS","MID","5.4","2.79","1","0","0","0","0","0","Unavailable","0.0","0","0","has joined Hamburger on loan for the rest of the season."
"","Doucouré","","CRY","MID","4.9","2.15","1","0.01","0","0","0","0","Injured","0.0","0","0","Lack of match fitness - Expected back 01 Jun"
"","Cashin","","BHA","DEF","4","2.17","1","0","0","0","0","0","Unavailable","0.0","0","0","has joined Blackburn Rovers on loan for the rest of the season."
"","Morton","","LIV","MID","4.5","1.33","1","0","0","0","0","0","Unavailable","0.0","0","0","Has joined Lyon permanently."
"","Kiwior","","ARS","DEF","5.4","3.42","1","0","0","0","0","0","Unavailable","0.0","0","0","has joined Porto on loan for the rest of the season."
"","Rusyn","","SUN","FWD","4.4","1.03","1","0","0","0","0","0","Unavailable","0.1","0","0","has joined Arka on loan for the rest of the season."
"","Ashby","","NEW","DEF","3.9","2.03","1","0","0","0","0","0","Unavailable","0.1","0","0","has joined Bradford City on loan for the rest of the season."
"","Sarmiento","","BHA","MID","4.9","2.33","1","0","0","0","0","0","Unavailable","0.0","0","0","has joined Middlesbrough on loan for the rest of the season."
"","Faivre","","BOU","MID","4.5","1.31","1","0","0","0","0","0","Unavailable","0.1","0","0","has joined Auxerre permanently."
"","Dennis","","BOU","GK","4","3.02","1","0","0","0","0","0","Unavailable","0.7","0","0","has joined Leyton Orient on loan for the rest of the season."
"","Kulusevski","","TOT","MID","6.4","2.93","1","0","0","0","0","0","Injured","0.0","0","0","Knee injury - Unknown return date"
"","Darwin","","LIV","FWD","6.5","2.02","1","0","0","0","0","0","Unavailable","0.1","0","0","Has joined Al-Hilal permanently."
"","Tyrer","","EVE","GK","3.9","2.84","1","0","0","0","0","0","Unavailable","0.1","0","0","has joined Cardiff City permanently."
"","A.Ramsey","","BUR","MID","4.4","1.31","1","0","0","0","0","0","Unavailable","1.4","0","0","has joined Leicester City on loan for the rest of the season."
"","Fábio Silva","","WOL","FWD","4.9","1.84","1","0","0","0","0","0","Unavailable","0.2","0","0","has joined Borussia Dortmund permanently."
"","Sambo","","BUR","DEF","4","2.15","1","0","0","0","0","0","Unavailable","0.0","0","0","has joined Sparta Rotterdam on loan for the rest of the season."
"","Ebiowei","","CRY","MID","4.5","1.33","1","0","0","0","0","0","Unavailable","0.0","0","0","Has joined Blackpool permanently."
"","J.Rak-Sakyi","","CRY","MID","4.4","1.29","1","0","0","0","0","0","Unavailable","0.0","0","0","has joined Stoke City on loan for the rest of the season."
"","David Carmo","","NFO","DEF","4.5","2.76","1","0","0","0","0","0","Unavailable","0.0","0","0","has joined Real Oviedo on loan for the rest of the season."
"","Ekwah","","SUN","MID","4.5","1.33","1","0","0","0","0","0","Unavailable","0.0","0","0","Has joined AS Saint-Etienne permanently."
"","Dobbin","","AVL","MID","5","2.34","1","0","0","0","0","0","Unavailable","0.0","0","0","Has joined Preston North End on loan for the rest of the season."
"","Onyango","","EVE","MID","4.5","1.31","1","0","0","0","0","0","Unavailable","0.0","0","0","has joined Stockport County on loan for the rest of the season."
"","White","","NEW","MID","4.5","1.33","1","0","0","0","0","0","Unavailable","0.0","0","0","has joined Bradford City on loan for the rest of the season."
"","Mee","","MUN","GK","3.9","3.02","1","0.02","0","0","0","100","Available","0.1","0","0",""
"","Dodgson","","BUR","DEF","4","2.17","1","0","0","0","0","0","Unavailable","0.0","0","0","Has joined Stockport County on loan for the rest of the season."
"","Marschall","","AVL","GK","4","3.02","1","0","0","0","0","0","Unavailable","0.0","0","0","Has joined Stevenage permanently."
"","Gauci","","AVL","GK","4","3.02","1","0","0","0","0","0","Unavailable","0.1","0","0","Has joined Port Vale on loan for the rest of the season."
"","Gelhardt","","LEE","MID","4.5","1.33","1","0","0","0","0","0","Unavailable","0.0","0","0","Has joined Hull City on loan for the rest of the season."
"","Hein","","ARS","GK","4","3.02","1","0","0","0","0","0","Unavailable","0.2","0","0","Has joined Werder Bremen on loan for the rest of the season."
"","Pembele","","SUN","DEF","3.9","2.02","1","0","0","0","0","0","Unavailable","0.3","0","0","has joined Le Havre AC on loan for the rest of the season."
"","Mudryk","","CHE","MID","4.9","2.31","1","0.07","0","0","0","0","Suspended","0.0","0","0","Suspended - unknown return date"
"","Ahamada","","CRY","MID","4.3","1.27","1","0","0","0","0","0","Unavailable","0.0","0","0","has joined AJ Auxerre permanently."
"","Antony","","MUN","MID","5.9","2.69","1","0","0","0","0","0","Unavailable","0.1","0","0","has joined Real Betis permanently."
"","Iling Jr","","AVL","MID","5.5","2.78","1","0","0","0","0","0","Unavailable","0.0","0","0","has joined Pisa on loan for the rest of the season."
"","Gyabi","","LEE","MID","4.5","1.31","1","0","0","0","0","0","Unavailable","0.0","0","0","has joined Hull City permanently."
"","Slonina","","CHE","GK","3.8","2.84","1","0.02","0","0","0","100","Available","0.1","0","0",""
"","Rushworth","","BHA","GK","4","3.02","1","0","0","0","0","0","Unavailable","0.0","0","0","Has joined Coventry City on loan for the rest of the season."
"","Enciso","","BHA","MID","5.4","2.88","1","0","0","0","0","0","Unavailable","0.0","0","0","has joined Strasbourg permanently."
"","Welch","","EVE","DEF","3.8","2.03","1","0","0","0","0","100","Available","0.1","0","0",""
"","C.Miguel","","NFO","GK","4","2.99","1","0","0","0","0","0","Unavailable","0.1","0","0","Has joined Palmeiras permanently."
"","B.Traore","","WOL","MID","5","2.34","1","0","0","0","0","0","Unavailable","0.0","0","0","Has joined FC Metz on loan for the rest of the season."
"","Hjelde","","SUN","DEF","4","2.08","1","0","0","0","0","0","Unavailable","0.0","0","0","has joined Sheffield United on loan for the rest of the season."
"","Zabarnyi","","BOU","DEF","5","3.32","1","0","0","0","0","0","Unavailable","0.0","0","0","Has joined Paris Saint-Germain permanently."
"","Ba","","SUN","MID","4.3","1.26","1","0","0","0","0","100","Available","0.3","0","0",""
"","Wright","","AVL","GK","3.9","2.84","1","0.02","0","0","0","100","Available","0.6","0","0",""
"","Hegyi","","WHU","GK","3.9","2.84","1","0","0","0","0","0","Unavailable","0.2","0","0","has joined MTK Budapest on loan for the rest of the season."
"","Ferguson","","BHA","FWD","5.5","1.68","1","0","0","0","0","0","Unavailable","0.0","0","0","Has joined AS Roma on loan for the rest of the season"
"","Koleosho","","BUR","MID","5","2.34","1","0","0","0","0","0","Unavailable","0.0","0","0","has joined Paris FC on loan for the rest of the season."
"","Green","","BUR","GK","4","2.95","1","0","0","0","0","0","Unavailable","0.2","0","0","has joined FC Fredericia permanently."
"","Ramsay","","LIV","DEF","3.7","2.02","1","0","0","0","0","100","Available","0.3","0","0",""
"","Nna Noukeu","","SUN","GK","3.9","2.84","1","0","0","0","0","0","Unavailable","0.1","0","0","has joined US Boulogne CO permanently."
"","Collyer","","MUN","MID","4.5","1.33","1","0","0","0","0","0","Unavailable","0.0","0","0","has joined Hull City on loan for the rest of the season."
"","Y.Chermiti","","EVE","FWD","4.9","1.76","1","0","0","0","0","0","Unavailable","0.1","0","0","has joined Rangers permanently."
"","Barrenechea","","AVL","MID","5","2.05","1","0","0","0","0","0","Unavailable","0.0","0","0","Season-long loan to Benfica"
"","Brooks","","WOL","GK","4","2.89","1","0.02","0","0","0","100","Available","0.0","0","0",""
"","McConnell","","LIV","MID","4.4","1.32","1","0","0","0","0","0","Unavailable","0.0","0","0","has joined Ajax on loan for the rest of the season."
"","Metcalfe","","EVE","MID","4.5","1.33","1","0","0","0","0","0","Unavailable","0.0","0","0","Has joined Bradford City permanently."
"","Campbell","","EVE","DEF","3.9","2.02","1","0","0","0","0","0","Unavailable","0.1","0","0","has joined Port Vale on loan for the rest of the season."
"","Huggins","","SUN","DEF","4","2.11","1","0","0","0","0","0","Unavailable","0.1","0","0","has joined Wycombe Wanderers on loan for the rest of the season."
"","Schmidt","","LEE","DEF","4","2.11","1","0","0","0","0","0","Unavailable","0.1","0","0","has joined Werder Bremen on loan for the rest of the season."
"","Matete","","SUN","MID","4.3","1.26","1","0","0","0","0","0","Unavailable","0.2","0","0","has joined MK Dons permanently."
"","Shield","","BRE","DEF","4","2.02","1","0.02","0","0","0","100","Available","0.0","0","0",""
"","Paulsen","","BOU","GK","4","3.02","1","0","0","0","0","0","Unavailable","0.1","0","0","Has joined Lechia Gdansk on loan for the rest of the season."
"","Stamenic","","NFO","MID","4.5","1.32","1","0","0","0","0","0","Unavailable","0.0","0","0","Has joined Swansea City permanently."
"","Dixon","","EVE","DEF","3.8","2.08","1","0","0","0","0","0","Unavailable","0.2","0","0","has joined Stockport County on loan for the rest of the season."
"","Heath","","EVE","MID","4.5","1.32","1","0","0","0","0","0","Unavailable","0.0","0","0","has joined Accrington on loan for the rest of the season."
"","Højlund","","MUN","FWD","6.3","2.66","1","0","0","0","0","0","Unavailable","0.3","0","0","has joined Napoli on loan for the rest of the season."
"","Nichols","","ARS","DEF","3.7","2.08","1","0","0","0","0","100","Available","0.2","0","0",""
"","Aznou","","EVE","DEF","4.2","2.64","1","0","0","0","0","100","Available","0.1","0","0",""
"","Meghoma","","BRE","DEF","4","2.16","1","0","0","0","0","0","Unavailable","0.0","0","0","Has joined Rangers on loan for the rest of the season."
"","Moore","","TOT","MID","5","2.35","1","0","0","0","0","0","Unavailable","0.0","0","0","Has joined Rangers on loan for the rest of the season."
"","Sharman-Lowe","","CHE","GK","4","2.84","1","0.02","0","0","0","100","Available","0.0","0","0",""
"","Danns","","LIV","FWD","4.3","1.01","1","0","0","0","0","0","Injured","0.1","0","0","Hamstring injury - Unknown return date"
"","Triantis","","SUN","MID","4.4","1.29","1","0","0","0","0","0","Unavailable","0.0","0","0","has joined Minnesota United permanently."
"","Imray","","CRY","DEF","4","2.12","1","0","0","0","0","0","Unavailable","0.0","0","0","has joined West Brom on loan for the rest of the season."
"","Cox","","BRE","GK","3.9","2.84","1","0","0","0","0","0","Unavailable","0.1","0","0","has joined Shrewsbury Town on loan for the rest of the season."
"","Ebere","","EVE","MID","4.4","1.31","1","0","0","0","0","100","Available","0.0","0","0",""
"","McNally","","FUL","GK","4","2.84","1","0.02","0","0","0","100","Available","0.0","0","0",""
"","Moran","","BHA","MID","4.5","1.32","1","0","0","0","0","0","Unavailable","0.0","0","0","Has joined Los Angeles FC on loan for the rest of the season."
"","Sousa","","AVL","DEF","3.8","2.02","1","0","0","0","0","0","Unavailable","0.2","0","0","has joined Rotherham on loan for the rest of the season."
"","Ojinnaka","","WOL","MID","4.5","1.28","1","0","0","0","0","0","Unavailable","0.0","0","0","has joined Shrewsbury Town on loan for the rest of the season."
"","Johnson","","SUN","DEF","3.8","2.02","1","0","0","0","0","0","Unavailable","0.2","0","0","has joined York City on loan for the rest of the season."
"","Harris","","FUL","MID","4.5","1.33","1","0","0","0","0","0","Unavailable","0.0","0","0","Has joined Oxford United on loan for the rest of the season."
"","Sima","","BHA","MID","5.4","2.72","1","0","0","0","0","0","Unavailable","0.0","0","0","has joined Lens permanently."
"","Gray","","MCI","MID","4.5","1.26","1","0","0","0","0","100","Available","0.0","0","0",""
"","Hollingshead","","AVL","GK","4","2.84","1","0.02","0","0","0","100","Available","0.0","0","0",""
"","N.Jackson","","CHE","FWD","6.5","2.55","1","0","0","0","0","0","Unavailable","0.1","0","0","has joined Bayern Munich on loan for the rest of the season."
"","Pond","","WOL","DEF","3.9","2.07","1","0","0","0","0","0","Unavailable","0.9","0","0","has joined Crewe Alexandra on loan for the rest of the season."
"","Merrick","","CHE","GK","4","2.84","1","0.02","0","0","0","100","Available","0.0","0","0",""
"","Casey","","WHU","DEF","4","2.17","1","0","0","0","0","0","Unavailable","0.1","0","0","has joined Leyton Orient on loan for the rest of the season."
"","Orford","","WHU","MID","4.4","1.33","1","0","0","0","0","0","Unavailable","0.1","0","0","has joined Stevenage on loan for the rest of the season."
"","Bevan","","BOU","DEF","3.8","2.02","1","0","0","0","0","100","Available","0.2","0","0",""
"","Lucky","","LIV","DEF","4","2.02","1","0","0","0","0","100","Available","0.0","0","0",""
"","Silcott-Duberry","","BOU","MID","4.4","1.32","1","0","0","0","0","0","Unavailable","0.1","0","0","has joined Olympiakos permanently."
"","Fraser","","WOL","FWD","4.2","1.01","1","0","0","0","0","100","Available","1.7","0","0",""
"","Ozoh","","CRY","MID","4.5","1.33","1","0","0","0","0","0","Unavailable","0.0","0","0","Has joined Derby County on loan for the rest of the season."
"","Morgan","","BRE","FWD","4.4","1.03","1","0","0","0","0","0","Unavailable","0.3","0","0","has joined Shrewsbury on loan for the rest of the season."
"","Patterson","","AVL","DEF","3.9","2.02","1","0","0","0","0","100","Available","0.2","0","0",""
"","Eyestone","","BRE","GK","3.9","3.02","1","0.02","0","0","0","100","Available","0.1","0","0",""
"","Bajcetic","","LIV","MID","4.2","1.29","1","0","0","0","0","0","Injured","0.2","0","0","Hamstring injury - Unknown return date"
"","Crew","","LEE","MID","4.5","1.33","1","0","0","0","0","0","Unavailable","0.0","0","0","Has joined Doncaster Rovers on loan for the rest of the season."
"","Kyerematen","","TOT","MID","4.5","1.26","1","0.01","0","0","0","100","Available","0.0","0","0",""
"","Sherif","","EVE","FWD","4.4","1.04","1","0","0","0","0","0","Unavailable","0.1","0","0","has joined Port Vale on loan for the rest of the season."
"","M.França","","CRY","MID","4.5","1.33","1","0","0","0","0","0","Unavailable","0.0","0","0","Has joined CR Vasco da Gama on loan for the rest of the season."
"","Young","","AVL","MID","4.3","1.31","1","0","0","0","0","0","Unavailable","0.5","0","0","has joined Reading on loan for the rest of the season."
"","Akinmboni","","BOU","DEF","3.8","2.08","1","0","0","0","0","100","Available","0.2","0","0",""
"","H.Jones","","SUN","MID","4.3","1.26","1","0","0","0","0","100","Available","0.1","0","0",""
"","Owen","","BRE","MID","4.5","1.28","1","0.05","0","0","0","100","Available","0.0","0","0",""
"","Tasker","","BHA","DEF","3.8","2.08","1","0","0","0","0","100","Available","0.2","0","0",""
"","Bates","","EVE","MID","4.3","1.31","1","0","0","0","0","100","Available","0.1","0","0",""
"","Phillips","","TOT","DEF","4","2.17","1","0","0","0","0","0","Unavailable","0.0","0","0","Has joined Stoke City on loan for the rest of the season."
"","Penders","","CHE","GK","4","3.02","1","0","0","0","0","0","Unavailable","0.0","0","0","Has joined RC Strasbourg on loan for the rest of the season."
"","Mazilu","","BHA","MID","4.5","1.29","1","0","0","0","0","0","Unavailable","0.0","0","0","has joined Dinamo Bucharest permanently."
"","Sadi","","BOU","MID","4.5","1.32","1","0","0","0","0","0","Unavailable","0.0","0","0","has joined Novi Pazar on loan for the rest of the season."
"","Luís Hemir","","SUN","FWD","4.4","1.02","1","0","0","0","0","0","Unavailable","0.1","0","0","has joined Moreirense on loan for the rest of the season."
"","Setford","","ARS","GK","3.9","2.84","1","0.02","0","0","0","100","Available","0.2","0","0",""
"","Lankshear","","TOT","FWD","4.5","1.04","1","0","0","0","0","0","Unavailable","0.0","0","0","has joined Oxford United on loan for the rest of the season."
"","Takai","","TOT","DEF","4","2.04","1","0","0","0","0","0","Unavailable","0.0","0","0","has joined Borussia Mönchengladbach on loan for the rest of the season."
"","Herrick","","WHU","GK","4","2.85","1","0.02","0","0","0","100","Available","0.0","0","0",""
"","Shahar","","NEW","DEF","4","2.02","1","0","0","0","0","100","Available","0.0","0","0",""
"","Fitzgerald","","MUN","MID","4.3","1.31","1","0","0","0","0","100","Available","0.0","0","0",""
"","Bentt","","BRE","MID","4.5","1.26","1","0.01","0","0","0","100","Available","0.0","0","0",""
"","Moorhouse","","MUN","MID","4.5","1.32","1","0","0","0","0","0","Unavailable","0.0","0","0","has joined Leyton Orient on loan for the rest of the season."
"","Meupiyou","","WOL","DEF","4","2.17","1","0","0","0","0","0","Unavailable","0.0","0","0","On loan to FC Alverca"
"","Cuiabano","","NFO","DEF","4.5","2.83","1","0","0","0","0","0","Unavailable","0.0","0","0","has joined Vasco de Gama on loan for the rest of the season."
"","Clarke","","ARS","DEF","3.7","2.04","1","0","0","0","0","100","Available","0.5","0","0",""
"","Proctor","","AVL","GK","3.9","2.84","1","0.02","0","0","0","100","Available","0.6","0","0",""
"","Kuol","","NEW","MID","4.4","1.32","1","0","0","0","0","0","Unavailable","0.0","0","0","has joined Sparta Prague permanently."
"","Mateo Joseph","","LEE","FWD","5","1.9","1","0","0","0","0","0","Unavailable","0.0","0","0","Has joined RCD Mallorca on loan for the rest of the season."
"","Chambers","","LEE","MID","4.4","1.26","1","0","0","0","0","100","Available","0.0","0","0",""
"","Nypan","","MCI","MID","5","2.34","1","0","0","0","0","100","Available","0.0","0","0",""
"","Mfuni","","MCI","DEF","3.9","2.02","1","0","0","0","0","0","Unavailable","0.0","0","0","has joined Watford on loan for the rest of the season."
"","Whitehall","","NFO","MID","4.5","1.31","1","0.14","0","0","0","100","Available","0.0","0","0",""
"","McKenna","","BOU","GK","3.9","3.02","1","0.02","0","0","0","100","Available","0.2","0","0",""
"","Da Silva Moreira","","NFO","MID","4.5","1.32","1","0","0","0","0","100","Available","0.1","0","0",""
"","Rowe","","AVL","DEF","4","2.11","1","0","0","0","0","0","Unavailable","0.1","0","0","has joined Annecy on loan for the rest of the season."
"","Ji-soo","","BRE","DEF","3.9","2.08","1","0","0","0","0","0","Unavailable","0.1","0","0","has joined Kaiserslautern on loan for the rest of the season."
"","Whittaker","","SUN","MID","4.5","1.27","1","0.03","0","0","0","100","Available","0.0","0","0",""
"","Jones","","SUN","MID","4.5","1.27","1","0.03","0","0","0","100","Available","0.0","0","0",""
"","Lamadrid","","WHU","MID","5","2.18","1","0.01","0","0","0","100","Available","0.0","0","0",""
"","Godo","","FUL","MID","4.5","1.31","1","0","0","0","0","0","Unavailable","0.0","0","0","has joined Strasbourg permanently."
"","Umeh","","CRY","MID","4.5","1.32","1","0","0","0","0","0","Unavailable","0.0","0","0","has joined Portsmouth permanently."
"","Wheatley","","MUN","FWD","4.5","1.03","1","0","0","0","0","0","Unavailable","0.1","0","0","has joined Bradford City on loan for the rest of the season."
"","Echeverri","","MCI","MID","5.4","2.78","1","0","0","0","0","0","Unavailable","0.0","0","0","has joined Girona on loan for the rest of the season."
"","Adewumi","","BUR","MID","4.5","1.33","1","0","0","0","0","0","Unavailable","0.0","0","0","Has joined Cercle Brugge on loan for the rest of the season."
"","Thwaites","","MUN","MID","4.5","1.29","1","0.05","0","0","0","100","Available","0.0","0","0",""
"","Kukonki","","MUN","DEF","4","2.08","1","0","0","0","0","100","Available","0.0","0","0",""
"","Redmond","","AVL","FWD","4.5","1.03","1","0","0","0","0","0","Unavailable","0.3","0","0","has joined Huddersfield Town on loan for the rest of the season."
"","Marsh","","CRY","FWD","4.4","1.03","1","0","0","0","0","100","Available","0.3","0","0",""
"","Broggio","","AVL","MID","4.4","1.31","1","0","0","0","0","0","Unavailable","0.2","0","0","has joined Falkirk on loan for the rest of the season."
"","Amass","","MUN","DEF","4","2.15","1","0","0","0","0","0","Unavailable","0.1","0","0","has joined Norwich City on loan for the rest of the season."
"","Chadwick","","LEE","MID","4.5","1.31","1","0.2","0","0","0","100","Available","0.0","0","0",""
"","Pivas","","NEW","DEF","3.8","2.04","1","0","0","0","0","100","Available","0.4","0","0",""
"","Boateng","","BUR","MID","4.7","2.18","1","0","0","0","0","100","Available","0.0","0","0",""
"","Agbinone","","CRY","MID","4.3","1.31","1","0","0","0","0","100","Available","0.1","0","0",""
"","Heskey","","MCI","MID","4.5","1.26","1","0","0","0","0","100","Available","0.0","0","0",""
"","Pécsi","","LIV","GK","3.8","2.84","1","0.02","0","0","0","100","Available","0.9","0","0",""
"","Yasin","","AVL","DEF","4","2.09","1","0","0","0","0","0","Unavailable","0.1","0","0","has joined Anderlecht on loan for the rest of the season."
"","McManus","","BRE","DEF","4","2.04","1","0.05","0","0","0","100","Available","0.0","0","0",""
"","Harrison","","MUN","GK","4","3.02","1","0","0","0","0","0","Unavailable","0.0","0","0","On loan to Shrewsbury Town"
"","Kacurri","","ARS","DEF","3.9","2.11","1","0","0","0","0","0","Unavailable","0.1","0","0","has joined Morecambe on loan for the rest of the season."
"","Kabia","","ARS","MID","4.5","1.32","1","0","0","0","0","0","Unavailable","0.1","0","0","has joined Shrewsbury Town on loan for the rest of the season."
"","Slater","","BHA","DEF","4","2.11","1","0","0","0","0","0","Unavailable","0.1","0","0","has joined Harrogate Town on loan until January."
"","Sutherland","","WOL","MID","4.5","1.26","1","0","0","0","0","100","Available","0.0","0","0",""
"","Chiwome","","WOL","FWD","4.4","1.03","1","0.01","0","0","0","100","Available","0.0","0","0",""
"","Kporha","","CRY","DEF","4","2.08","1","0","0","0","0","100","Available","0.0","0","0",""
"","Akhamrich","","TOT","MID","4.5","1.26","1","0","0","0","0","0","Unavailable","0.0","0","0","has joined Bristol Rovers on loan for the rest of the season."
"","Sinclair","","NFO","MID","4.5","1.31","1","0.14","0","0","0","100","Available","0.0","0","0",""
"","Adu-Adjei","","BOU","FWD","4.4","1.03","1","0","0","0","0","0","Unavailable","0.1","0","0","has joined HNK Rijeka permanently."
"","Trevitt","","BRE","MID","4.5","1.33","1","0","0","0","0","0","Unavailable","0.0","0","0","Has joined Wigan on loan for the rest of the season"
"","King","","CRY","DEF","4","2.02","1","0","0","0","0","100","Available","0.0","0","0",""
"","Amissah","","FUL","DEF","3.8","2.08","1","0","0","0","0","100","Available","0.1","0","0",""
"","Cresswell","","LEE","MID","4.5","1.32","1","0.27","0","0","0","100","Available","0.0","0","0",""
"","Gonzalez","","WOL","MID","4.3","1.31","1","0","0","0","0","100","Available","1.2","0","0",""
"","Morrison","","LIV","MID","4.5","1.26","1","0","0","0","0","100","Available","0.0","0","0",""
"","Obi","","MUN","FWD","4.2","1.05","1","0","0","0","0","100","Available","1.4","0","0",""
"","Gray","","LEE","FWD","4.5","1.01","1","0","0","0","0","0","Unavailable","0.1","0","0","has joined Rotherham United on loan for the rest of the season."
"","Olagunju","","WOL","DEF","4","2.02","1","0","0","0","0","100","Available","0.0","0","0",""
"","Tutierov","","SUN","MID","4.5","1.29","1","0","0","0","0","0","Unavailable","0.0","0","0","has joined Exeter City on loan for the rest of the season."
"","Simmonds","","BHA","DEF","4","2.06","1","0","0","0","0","100","Available","0.0","0","0",""
"","Rawlings","","WOL","MID","4.5","1.26","1","0","0","0","0","100","Available","0.0","0","0",""
"","Rees-Dottin","","BOU","MID","4.3","1.26","1","0","0","0","0","100","Available","0.2","0","0",""
"","Vuskovic","","TOT","DEF","3.9","2.11","1","0","0","0","0","0","Unavailable","0.3","0","0","has joined Hamburger SV on loan for the rest of the season."
"","Paez","","CHE","MID","4.5","1.33","1","0","0","0","0","0","Unavailable","0.0","0","0","has joined River Plate on loan for the rest of the season."
"","Yalcouye","","BHA","MID","5","2.36","1","0","0","0","0","0","Unavailable","0.0","0","0","Has joined Swansea City on loan for the rest of the season."
"","Emenalo","","CHE","MID","4.5","1.26","1","0","0","0","0","100","Available","0.0","0","0",""
"","Williams-Barnett","","TOT","MID","4.5","1.31","1","0","0","0","0","100","Available","0.0","0","0",""
"","Nallo","","LIV","DEF","3.7","2.08","1","0","0","0","0","100","Available","0.9","0","0",""
"","Abdullahi","","SUN","FWD","4.2","1.01","1","0","0","0","0","100","Available","0.4","0","0",""
"","Fredrick","","BRE","DEF","4","2.12","1","0","0","0","0","0","Unavailable","0.1","0","0","has joined Dender on loan for the rest of the season."
"","Wilson","","TOT","FWD","4.5","1.01","1","0.01","0","0","0","100","Available","0.0","0","0",""
"","Salmon","","ARS","DEF","4","2.02","1","0","0","0","0","100","Available","0.0","0","0",""
"","Vitor Reis","","MCI","DEF","5","3.29","1","0","0","0","0","0","Unavailable","0.0","0","0","Has joined Girona on loan for the rest of the season."
"","Kavuma-McQueen","","CHE","MID","4.5","1.31","1","0.12","0","0","0","100","Available","0.0","0","0",""
"","McAidoo","","MCI","MID","4.5","1.26","1","0","0","0","0","100","Available","0.0","0","0",""
"","Carroll","","AVL","DEF","4","2.02","1","0","0","0","0","100","Available","0.0","0","0",""
"","Kone","","MUN","MID","4.3","1.31","1","0","0","0","0","0","Unavailable","0.1","0","0","has joined Lausanne-Sport on loan for the rest of the season."
"","Ridgeon","","FUL","MID","4.5","1.26","1","0","0","0","0","100","Available","0.0","0","0",""
"","Arthur","","BRE","DEF","3.8","2.08","1","0","0","0","0","0","Unavailable","0.2","0","0","has joined Celtic on loan for the rest of the season."
"","Anselmino","","CHE","DEF","4","2.14","1","0","0","0","0","0","Unavailable","0.1","0","0","has joined Strasbourg on loan for the rest of the season."
"","Min-hyeok","","TOT","MID","4.5","1.33","1","0","0","0","0","0","Unavailable","0.0","0","0","has joined Coventry City on loan for the rest of the season."
"","Seung soo","","NEW","MID","4.3","1.26","1","0","0","0","0","100","Available","0.5","0","0",""
"","Nunes","","BRE","MID","4.9","2.21","1","0","0","0","0","0","Unavailable","0.0","0","0","has joined Swansea City on loan for the rest of the season."
"","Aleksić","","SUN","MID","4.9","2.29","1","0","0","0","0","100","Available","0.0","0","0",""
"","Gracey","","WOL","GK","4","2.93","1","0.19","0","0","0","100","Available","0.0","0","0",""
"","Konak","","BRE","MID","4.3","1.2","1","0","0","0","0","0","Unavailable","0.1","0","0","has joined Oxford United on loan for the rest of the season."
"","Graham","","EVE","FWD","4.5","1.01","1","0","0","0","0","100","Available","0.0","0","0",""
"","Casey","","CRY","FWD","4.5","1.01","1","0","0","0","0","100","Available","0.0","0","0",""
"","Antoñito C.","","NEW","MID","4.9","2.26","1","0","0","0","0","0","Unavailable","0.0","0","0","has joined Cadiz on loan for the rest of the season."
"","Benamar","","CRY","DEF","4","2.02","1","0","0","0","0","100","Available","0.0","0","0",""
"","Golambeckis","","WHU","DEF","4","2.02","1","0","0","0","0","100","Available","0.0","0","0",""
"","Lienou","","LEE","DEF","4","2.13","1","0.34","0","0","0","100","Available","0.0","0","0",""
"","McMahon-Brown","","BUR","MID","4.5","1.26","1","0.02","0","0","0","100","Available","0.0","0","0",""
"","Harriman-Annous","","ARS","MID","4.4","1.26","1","0","0","0","0","100","Available","0.0","0","0",""
"","Leoni","","LIV","DEF","4.9","3.1","1","0","0","0","0","0","Injured","0.0","0","0","Knee injury - Expected back 01 Sep"
"","Pimlott","","BUR","MID","4.5","1.26","1","0","0","0","0","100","Available","0.0","0","0",""
"","Stephenson","","BRE","DEF","4","2.04","1","0.05","0","0","0","100","Available","0.0","0","0",""
"","Stevens","","BOU","MID","4.5","1.26","1","0","0","0","0","100","Available","0.0","0","0",""
"","D.Leon","","MUN","DEF","4.1","2.64","1","0","0","0","0","100","Available","0.1","0","0",""
"","Leon Routh","","AVL","DEF","4","2.02","1","0","0","0","0","100","Available","0.0","0","0",""
"","Alabi","","NEW","MID","4.5","1.26","1","0","0","0","0","100","Available","0.0","0","0",""
"","Eboué","","CHE","MID","4.5","1.31","1","0.12","0","0","0","100","Available","0.0","0","0",""
"","Wright","","LIV","FWD","4.5","1.02","1","0.07","0","0","0","100","Available","0.0","0","0",""
"","DaCosta","","BOU","MID","4.5","1.26","1","0","0","0","0","100","Available","0.0","0","0",""
"","Sillah","","NFO","FWD","4.5","1.04","1","","0","0","0","100","Available","0.0","0","0",""
"","Brierley","","BUR","MID","4.5","1.26","1","0","0","0","0","100","Available","0.0","0","0",""
"","Ndiaye","","LIV","DEF","4","2.11","1","0.1","0","0","0","100","Available","0.0","0","0",""
"0","PlayersSelected","forInfo","Totals forselectedplayers","0","Merit","Form","Prob. ofAppear-ing","0","Rest OfSeason","PointsSo Far","OfficialChance","OfficialAvailability","SelectedBy %","TransfersIn GW","TransfersOut GW","News"
